1,apt_libpython2.7,apt_python-setuptools,apt_python-pip,pip_pyinstaller,apt_lsb
2,apt_python3,apt_python-pip,apt_python3-yaml,apt_runit
8,apt_python-docutils,apt_cdbs,apt_debootstrap,apt_devscripts,apt_make,apt_pbuilder,apt_python-jinja2,apt_python-setuptools,apt_python-yaml
18,apt_python-dev,apt_libldap2-dev,apt_libsasl2-dev,apt_libssl-dev,pip_jenkins-job-builder
20,apt_openjdk-7-jre-headless,apt_unzip,apt_wget
23,apt_python,apt_python-dev,apt_python-distribute,apt_python-pip,apt_libcurl4-openssl-dev,apt_libxml2-dev,apt_libxslt1-dev,apt_python-lxml,apt_python-mysqldb,pip_pip
27,apt_git,apt_build-essential,apt_file,apt_nodejs
29,apt_bsdtar,apt_curl
35,apt_wget
37,apt_curl
38,apt_wget,apt_apt-transport-https,apt_curl,apt_elasticsearch
40,apt_python-pip,pip_awscli
42,apt_wget,apt_netcat,apt_net-tools,apt_netcat,apt_net-tools
44,apt_netcat,apt_net-tools
45,apt_wget,apt_curl
46,apt_jq,apt_wget,apt_unzip
47,apt_ntp
48,apt_supervisor,apt_curl,apt_wget,apt_elasticsearch
51,apt_git,apt_build-essential,apt_g++,apt_flex,apt_bison,apt_gperf,apt_ruby,apt_perl,apt_libsqlite3-dev,apt_libfontconfig1-dev,apt_libicu-dev,apt_libfreetype6,apt_libssl-dev,apt_libpng-dev,apt_libjpeg-dev,apt_python,apt_libx11-dev,apt_libxext-dev
54,apt_netcat,apt_net-tools
55,apt_wget,apt_curl,apt_python,apt_netcat,apt_jq,apt_unzip
57,apt_apt-transport-https,apt_wget,apt_curl,apt_graylog-server
58,apt_runit,apt_wget,apt_python-httplib2,apt_chrpath,apt_lsof,apt_lshw,apt_sysstat,apt_net-tools,apt_numactl,apt_python-pip,pip_awscli,apt_curl
59,apt_ntp
60,apt_netcat,apt_openssl,apt_libpcre3,apt_dnsmasq,apt_procps,apt_perl,apt_postgresql-client,apt_make
61,apt_jq,apt_jq,apt_unzip
62,apt_runit,apt_wget,apt_python-httplib2,apt_chrpath,apt_lsof,apt_lshw,apt_sysstat,apt_net-tools,apt_numactl
63,apt_build-essential,apt_make
64,apt_curl,apt_libfreetype6,apt_libfontconfig,apt_bzip2
65,apt_jq,apt_wget,apt_unzip
67,apt_wget,apt_nginx,apt_supervisor,apt_curl,apt_apache2-utils
68,apt_unzip,apt_wget
70,apt_wget
71,apt_mongodb-org
72,apt_curl,apt_patch,apt_gawk,apt_g++,apt_gcc,apt_make,apt_libc6-dev,apt_patch,apt_libreadline6-dev,apt_zlib1g-dev,apt_libssl-dev,apt_libyaml-dev,apt_libsqlite3-dev,apt_sqlite3,apt_autoconf,apt_libgdbm-dev,apt_libncurses5-dev,apt_automake,apt_libtool,apt_bison,apt_pkg-config,apt_libffi-dev,apt_yarn,apt_git,apt_build-essential,apt_g++,apt_flex,apt_bison,apt_gperf,apt_perl,apt_libsqlite3-dev,apt_libfontconfig1-dev,apt_libicu-dev,apt_libfreetype6,apt_libssl-dev,apt_libpng-dev,apt_libjpeg-dev,apt_libx11-dev,apt_libxext-dev
74,apt_python-setuptools,apt_python-pip,apt_python-dev,apt_libxslt1-dev,apt_gettext,apt_gcc,apt_libffi-dev,apt_libjpeg-dev,apt_libxml2-dev,apt_libxslt-dev,apt_libyaml-dev,apt_libpq-dev,apt_redis-tools,pip_sentry,pip_sentry-plugins
75,apt_jq,apt_wget,apt_unzip
80,apt_wget
81,apt_wget,apt_ca-certificates,apt_unzip
82,apt_netcat,apt_gettext-base
83,apt_jq,apt_wget,apt_unzip
84,apt_wget,apt_supervisor,apt_ca-certificates,apt_unzip
85,apt_adduser,apt_libfontconfig
86,apt_jq,apt_wget,apt_unzip
87,apt_build-essential,apt_git,apt_rebar,apt_software-properties-common,apt_python-software-properties,apt_supervisor,apt_gettext,apt_nginx
88,apt_nodejs,apt_python-software-properties,apt_unoconv,apt_ttf-mscorefonts-installer,apt_xz-utils
91,apt_wget,apt_curl,apt_make,apt_g++,apt_td-agent
93,apt_ca-certificates,apt_software-properties-common,apt_python-software-properties,apt_python-pip,apt_curl,apt_wget,apt_git,apt_unzip
96,apt_runit,apt_wget,apt_python-httplib2,apt_chrpath,apt_lsof,apt_lshw,apt_sysstat,apt_net-tools,apt_numactl
98,apt_python-pip,pip_awscli
99,apt_software-properties-common,apt_ruby,apt_nginx,apt_supervisor
103,apt_wget,apt_supervisor,apt_ca-certificates,apt_unzip,apt_curl
104,apt_curl,apt_wget
105,apt_jq,apt_wget,apt_unzip
106,apt_wget
107,apt_curl,apt_python-dev,apt_python-pip,pip_awscli,apt_nodejs
108,apt_software-properties-common,apt_nginx,apt_supervisor
110,apt_python-pip,apt_curl,pip_awscli
111,apt_wget
113,apt_build-essential,apt_libjpeg-dev,apt_zlib1g-dev,apt_libtiff-dev,apt_xvfb,apt_wkhtmltopdf,pip_pip
115,apt_iputils-ping,apt_traceroute,apt_apache2
116,apt_iputils-ping,apt_traceroute
117,apt_curl,apt_ca-certificates,apt_git
130,pip_pip,pip_setuptools
133,apt_python3,apt_python3-pip
136,apt_apt,apt_wget,apt_perl,apt_apt,apt_openvpn,apt_ssmtp,apt_iptables,apt_p7zip-full,apt_whois
141,apt_wget,apt_ca-certificates
142,apt_wget,apt_ca-certificates
143,apt_wget,apt_ca-certificates
145,apt_wget,apt_ca-certificates
146,apt_wget,apt_ca-certificates
148,apt_wget,apt_ca-certificates
150,apt_wget,apt_ca-certificates
152,apt_wget,apt_ca-certificates
153,apt_wget,apt_ca-certificates
154,apt_wget,apt_ca-certificates
156,apt_wget,apt_ca-certificates
157,apt_wget,apt_ca-certificates
158,apt_wget,apt_ca-certificates
159,apt_wget,apt_ca-certificates
161,apt_wget,apt_ca-certificates
162,apt_wget,apt_ca-certificates
163,apt_wget,apt_ca-certificates
164,apt_wget,apt_ca-certificates
165,apt_wget,apt_ca-certificates
166,apt_wget,apt_ca-certificates
167,apt_wget,apt_ca-certificates
169,apt_wget,apt_ca-certificates
170,apt_wget,apt_ca-certificates
171,apt_wget,apt_ca-certificates
172,apt_wget,apt_ca-certificates
173,apt_wget,apt_ca-certificates
174,apt_wget,apt_ca-certificates
175,apt_wget,apt_ca-certificates
176,apt_wget,apt_ca-certificates
177,apt_wget,apt_ca-certificates
178,apt_wget,apt_ca-certificates
180,apt_procps
185,apt_software-properties-common,apt_git,apt_apt-transport-https,apt_curl,apt_google-chrome-stable,apt_phantomjs
187,apt_python3-pip,apt_build-essential,apt_wget
188,apt_nginx,apt_curl,apt_git-core,apt_nodejs,apt_gcc,apt_build-essential,apt_ruby,apt_ruby-dev
189,apt_wget,apt_bash,apt_dnsutils
193,apt_curl
196,apt_bash
199,apt_libssl1.0.0,apt_libnl-3-200,apt_libnl-route-3-200,apt_libnl-genl-3-200,apt_iptables,apt_libnfnetlink0,apt_libiptcdata0,apt_libipset3,apt_libipset-dev,apt_libsnmp30,apt_kmod,apt_ca-certificates,apt_iproute2,apt_ipvsadm
201,apt_wget,apt_netcat
207,apt_bash,apt_curl,apt_socat,apt_haproxy,apt_ca-certificates,apt_liblua5.3-0
208,apt_git-core,apt_build-essential,apt_wget,apt_autotools-dev,apt_libtool,apt_pkg-config,apt_zlib1g-dev,apt_libcunit1-dev,apt_libssl-dev,apt_libxml2-dev,apt_libevent-dev,apt_automake,apt_autoconf,apt_make,apt_binutils,apt_autoconf,apt_automake,apt_autotools-dev,apt_libtool,apt_pkg-config,apt_zlib1g-dev,apt_libcunit1-dev,apt_libssl-dev,apt_libxml2-dev,apt_libev-dev,apt_libevent-dev,apt_libjansson-dev,apt_libjemalloc-dev,apt_cython,apt_python3.4-dev,apt_python-setuptools
210,apt_curl,apt_libcurl4-openssl-dev,apt_make
212,apt_git,apt_ca-certificates
213,apt_ca-certificates,apt_curl
219,apt_mysql-client,apt_wget
223,pip_pyyaml
225,apt_ca-certificates
226,apt_ca-certificates
227,apt_git-core,apt_build-essential,apt_wget,apt_autotools-dev,apt_libtool,apt_pkg-config,apt_zlib1g-dev,apt_libcunit1-dev,apt_libssl-dev,apt_libxml2-dev,apt_libevent-dev,apt_automake,apt_autoconf
228,apt_ca-certificates
229,apt_wget
230,apt_diffutils
232,apt_git-core,apt_build-essential,apt_wget,apt_autotools-dev,apt_libtool,apt_pkg-config,apt_zlib1g-dev,apt_libcunit1-dev,apt_libssl-dev,apt_libxml2-dev,apt_libevent-dev,apt_automake,apt_autoconf,apt_make,apt_binutils,apt_autoconf,apt_automake,apt_autotools-dev,apt_libtool,apt_pkg-config,apt_zlib1g-dev,apt_libcunit1-dev,apt_libssl-dev,apt_libxml2-dev,apt_libev-dev,apt_libevent-dev,apt_libjansson-dev,apt_libjemalloc-dev,apt_cython,apt_python3.4-dev,apt_python-setuptools
235,apt_software-properties-common,apt_python-software-properties,apt_python,apt_curl,apt_nodejs,apt_git,apt_python-neutronclient,apt_python-glanceclient,apt_python-novaclient,apt_make
247,apt_iputils-ping
248,apt_iputils-ping
249,apt_iputils-ping
250,apt_iputils-ping
251,pip_ijson,pip_awscli
254,apt_build-essential,apt_flex,apt_openjdk-7-jdk
257,apt_fontconfig
259,apt_software-properties-common,apt_happy-1.19.5,apt_alex-3.1.7,apt_libgirepository1.0-dev,apt_libgtksourceview-3.0-dev,apt_libwebkitgtk-3.0-dev,apt_libtinfo-dev
260,apt_software-properties-common,apt_happy-1.19.5,apt_alex-3.1.7,apt_libgirepository1.0-dev,apt_libgtksourceview-3.0-dev,apt_libwebkitgtk-3.0-dev,apt_libtinfo-dev
261,apt_git,apt_sqlite3,apt_nginx,apt_supervisor
264,apt_libx11-6,apt_libxext6,apt_libxft2,apt_libxpm4,apt_r-base,apt_r-base-dev,pip_pip,pip_metakernel
265,apt_make,apt_gcc,apt_libxml2-dev,apt_libxslt-dev
266,apt_oracle-java8-installer,apt_xmlstarlet,apt_ca-certificates
275,apt_netbase,apt_nfs-common,apt_glusterfs-client
276,apt_iperf,apt_bash
281,pip_pyyaml
284,apt_curl
285,apt_openjdk-8-jre-headless,apt_libjemalloc1,apt_localepurge,apt_wget
291,apt_cuda-samples-$CUDA_PKG_VERSION
294,apt_asciidoctor,apt_unzip
296,apt_curl
310,apt_git-core,apt_build-essential,apt_wget,apt_autotools-dev,apt_libtool,apt_pkg-config,apt_zlib1g-dev,apt_libcunit1-dev,apt_libssl-dev,apt_libxml2-dev,apt_libevent-dev,apt_automake,apt_autoconf,apt_make,apt_binutils,apt_autoconf,apt_automake,apt_autotools-dev,apt_libtool,apt_pkg-config,apt_zlib1g-dev,apt_libcunit1-dev,apt_libssl-dev,apt_libxml2-dev,apt_libev-dev,apt_libevent-dev,apt_libjansson-dev,apt_libjemalloc-dev,apt_cython,apt_python3.4-dev,apt_python-setuptools
319,apt_g++,apt_rsync,apt_jq,apt_apt-utils,apt_file,apt_patch,apt_build-essential
327,apt_php-pear
331,apt_inotify-tools
340,apt_git,apt_apache2,apt_dpkg-dev,apt_python-pygments,apt_php5,apt_php5-mysql,apt_php5-gd,apt_php5-dev,apt_php5-curl,apt_php-apc,apt_php5-cli,apt_php5-json,apt_php5-xhprof
341,pip_requests
343,apt_dnsutils
350,apt_avahi-daemon,apt_dictionaries-common,apt_language-pack-en,apt_apt-transport-https,apt_build-essential,apt_byobu,apt_ca-certificates,apt_gettext,apt_git,apt_graphicsmagick,apt_imagemagick,apt_libboost-python-dev,apt_libffi-dev,apt_libgdal1-dev,apt_libgeos-dev,apt_libgraphicsmagick++-dev,apt_libjpeg-dev,apt_libmagickwand-dev,apt_libmemcached-dev,apt_libssl-dev,apt_libpng-dev,apt_libpq-dev,apt_libproj-dev,apt_libspatialite-dev,apt_libsqlite3-dev,apt_libsqlite3-mod-spatialite,apt_libxslt1-dev,apt_libyaml-dev,apt_lynx,apt_python3-dev,apt_python3-venv,apt_wget,apt_zlib1g-dev,apt_firefox
352,apt_libboost-all-dev,apt_zlib1g-dev,apt_wget,apt_vim,apt_gcc,apt_python-dev,apt_python-setuptools,apt_libffi-dev,apt_git-core,apt_build-essential,apt_libtool,apt_automake,apt_wget
353,apt_build-essential,apt_gfortran,apt_g++,apt_libopenblas-dev,apt_git,apt_wget,apt_libxrender1,apt_libfontconfig1,apt_libsm6,apt_libglib2.0-0,apt_libfreetype6,apt_unzip,pip_ipython,pip_graphlab-create
354,apt_build-essential,apt_gfortran,apt_g++,apt_libopenblas-dev,apt_git,apt_wget,apt_libxrender1,apt_libfontconfig1,apt_libsm6,apt_libglib2.0-0,apt_libfreetype6,pip_ipython[notebook]
355,apt_libgraphicsmagick1-dev,apt_graphicsmagick,apt_wget,apt_npm,apt_nodejs,apt_nodejs-legacy
358,apt_hdf5-tools,apt_python-sympy,apt_glpk-utils,apt_libnlopt0,apt_gfortran,apt_imagemagick,apt_inkscape,apt_gettext,apt_git,apt_libsundials-cvode1,apt_libsundials-cvodes2,apt_libsundials-ida2,apt_libsundials-idas0,apt_libsundials-kinsol1,apt_libsundials-nvecserial0,apt_libsundials-serial,apt_libsundials-serial-dev,apt_libnlopt-dev,apt_openmpi-bin,apt_libopenmpi-dev
365,apt_git,apt_curl,apt_unzip,apt_openssh-server,apt_python-software-properties,apt_software-properties-common,apt_protobuf-compiler,apt_build-essential,apt_python-dev,apt_openjdk-8-jdk,apt_elasticsearch
366,apt_git,apt_curl,apt_unzip,apt_openssh-server,apt_python-software-properties,apt_software-properties-common,apt_protobuf-compiler,apt_build-essential,apt_python-dev,apt_oracle-java7-installer,apt_elasticsearch
367,apt_git,apt_curl,apt_unzip,apt_openssh-server,apt_python-software-properties,apt_software-properties-common,apt_protobuf-compiler,apt_build-essential,apt_python-dev,apt_elasticsearch
368,pip_ipython[notebook]
369,pip_ipython[notebook]
370,apt_git,apt_curl,apt_unzip,apt_openssh-server,apt_python-software-properties,apt_software-properties-common,apt_protobuf-compiler,apt_build-essential,apt_python-dev,apt_default-jdk,apt_elasticsearch
371,apt_git,apt_curl,apt_unzip,apt_openssh-server,apt_python-software-properties,apt_software-properties-common,apt_protobuf-compiler,apt_build-essential,apt_python-dev,apt_elasticsearch
372,apt_git,apt_curl,apt_unzip,apt_openssh-server,apt_python-software-properties,apt_software-properties-common,apt_protobuf-compiler,apt_build-essential,apt_python-dev,apt_openjdk-8-jdk,apt_elasticsearch
373,apt_git,apt_curl,apt_unzip,apt_openssh-server,apt_software-properties-common,apt_protobuf-compiler,apt_build-essential,apt_python-dev,apt_elasticsearch
377,apt_mysql-server,apt_mysql-client,apt_nginx,apt_php5-fpm,apt_php5-mysql,apt_php-apc,apt_pwgen,apt_python-setuptools,apt_curl,apt_git,apt_unzip,apt_php5-curl,apt_php5-gd,apt_php5-intl,apt_php-pear,apt_php5-imagick,apt_php5-imap,apt_php5-mcrypt,apt_php5-memcache,apt_php5-ming,apt_php5-ps,apt_php5-pspell,apt_php5-recode,apt_php5-sqlite,apt_php5-tidy,apt_php5-xmlrpc,apt_php5-xsl
378,apt_sudo
382,apt_curl,apt_apache2,apt_libapache2-mod-php5,apt_php5-mysql,apt_php5-gd,apt_php5-curl,apt_php-pear,apt_php5-cli,apt_php5-json,apt_php-apc
385,apt_iptables,apt_ca-certificates,apt_lxc,apt_apt-transport-https,apt_lxc-docker
386,apt_zip,apt_libsqlite3-dev,apt_sqlite3,apt_procps,apt_lsof
389,apt_openssh-server,apt_openjdk-7-jdk
394,apt_curl,apt_wget,apt_nodejs
399,apt_curl,apt_git,apt_ssh,apt_gcc,apt_make,apt_build-essential,apt_libkrb5-dev,apt_sudo,apt_apt-utils
401,apt_ca-certificates,apt_cmake,apt_python,apt_subversion,apt_ninja-build
402,apt_ca-certificates,apt_gnupg,apt_build-essential,apt_python,apt_wget,apt_subversion,apt_unzip,apt_libstdc++-4.9-dev,apt_binutils
404,apt_wget,apt_unzip,apt_build-essential,apt_software-properties-common,apt_libboost-all-dev,apt_libxft-dev,apt_libfreetype6-dev,apt_libblas-dev,apt_liblapack-dev,apt_libatlas-base-dev,apt_gfortran,apt_python-pip,apt_python-dev,apt_python,pip_networkx
406,apt_software-properties-common,apt_debconf,apt_oracle-java8-installer,apt_tomcat7,apt_tomcat7-admin,apt_unzip,apt_mysql-server,apt_mysql-client
409,apt_openjdk-8-jre-headless,apt_procps,apt_wget,apt_mongodb-server,apt_jsvc,apt_binutils,apt_curl
410,pip_lxml,pip_oath,pip_PyCrypto,pip_requests,pip_.
411,apt_build-essential,apt_tcl8.5,apt_make
412,apt_ruby-full,apt_rake
413,apt_libfontconfig1,apt_curl
414,apt_wget
416,pip_rethinkdb,pip_redis,pip_elasticsearch,pip_kafka,pip_kafka-python,pip_tweepy,apt_nano
419,pip_kafka,pip_kafka-python,apt_nano
421,pip_kafka,pip_kafka-python,apt_nano
425,apt_wget,apt_python,apt_rethinkdb,apt_python-setuptools,apt_python-dev,apt_build-essential,pip_rethinkdb
426,apt_libpq-dev
433,apt_libexpat1-dev,apt_gcc,apt_libssl-dev,apt_libffi-dev,apt_libjemalloc1
435,apt_doxygen,apt_gawk,apt_git
436,apt_man,apt_man-db,apt_procps,apt_vim-tiny
437,apt_doxygen,apt_gawk,apt_git,apt_latexmk,apt_make,apt_python,apt_python-pip,apt_python-setuptools,apt_python-wheel,apt_rsync,apt_texlive-fonts-recommended,apt_texlive-latex-extra,apt_texlive-latex-recommended,pip_	'breathe,pip_	'sphinx,pip_	sphinx-autobuild,pip_	sphinxcontrib-fulltoc
440,apt_less,apt_vim,apt_man,apt_wget,apt_byobu,apt_unzip,apt_cmake,apt_libgtk2.0-dev,apt_libjpeg-dev,apt_libpng-dev,apt_python3-numpy,apt_python3-tk,apt_nscd,apt_graphviz
441,apt_wget,apt_curl,apt_cron
442,apt_wget
443,pip_pip
445,pip_rasterio
448,pip_rasterio
453,pip_rasterio
459,apt_curl,apt_gnupg,apt_wget,apt_nodejs,apt_$requirements
460,apt_libappindicator3-1,apt_libasound2,apt_libxss1,apt_xdg-utils
463,apt_build-essential,apt_ca-certificates,apt_curl,apt_git,apt_libasound2,apt_libgconf-2-4,apt_libgnome-keyring-dev,apt_libgtk2.0-0,apt_libnss3,apt_libxtst6,apt_nodejs
465,apt_ovmf,apt_qemu-system,apt_qemu-efi
468,apt_$BUILD_DEPS
469,apt_libpq-dev
478,apt_git-core,apt_build-essential,apt_wget,apt_autotools-dev,apt_libtool,apt_pkg-config,apt_zlib1g-dev,apt_libcunit1-dev,apt_libssl-dev,apt_libxml2-dev,apt_libevent-dev,apt_automake,apt_autoconf,apt_make,apt_binutils,apt_autoconf,apt_automake,apt_autotools-dev,apt_libtool,apt_pkg-config,apt_zlib1g-dev,apt_libcunit1-dev,apt_libssl-dev,apt_libxml2-dev,apt_libev-dev,apt_libevent-dev,apt_libjansson-dev,apt_libjemalloc-dev,apt_cython,apt_python3.4-dev,apt_python-setuptools
485,apt_autoconf,apt_gcc,apt_gfortran,apt_g++,apt_make,apt_wget,apt_gsl-bin,apt_git,apt_libgsl-dev,apt_curl,apt_grep,apt_sed,apt_dpkg
486,apt_libasound2
487,apt_software-properties-common,apt_nginx,apt_git,apt_php5-mysql,apt_php-apc,apt_curl,apt_unzip,apt_wget,apt_python-pip,apt_libnuma-dev,apt_php5-fpm,apt_php5-curl,apt_php5-gd,apt_php5-intl,apt_php-pear,apt_php5-imagick,apt_php5-imap,apt_php5-mcrypt,apt_php5-memcache,apt_php5-ming,apt_php5-ps,apt_php5-pspell,apt_php5-recode,apt_php5-sqlite,apt_php5-tidy,apt_php5-xmlrpc,apt_php5-xsl,apt_hhvm,pip_ngxtop
491,apt_libgtk2.0-0,apt_libgconf-2-4,apt_libasound2,apt_libxtst6,apt_libxss1,apt_libnss3,apt_xvfb
492,apt_libmcrypt-dev,apt_unzip
493,apt_graphicsmagick
495,apt_ca-certificates,apt_curl,apt_git,apt_bison,apt_gawk,apt_make,apt_python,apt_gcc,apt_gcc-multilib,apt_gettext,apt_texinfo,apt_qemu,apt_gcc-aarch64-linux-gnu,apt_gcc-arm-linux-gnueabi,apt_gcc-mips-linux-gnu,apt_gcc-mips64-linux-gnuabi64,apt_gcc-mips64el-linux-gnuabi64,apt_gcc-mipsel-linux-gnu,apt_gcc-powerpc64-linux-gnu,apt_gcc-powerpc64le-linux-gnu,apt_gcc-s390x-linux-gnu,apt_gcc-sparc64-linux-gnu
498,apt_libgtk2.0-0,apt_libgconf-2-4,apt_libasound2,apt_libxtst6,apt_libxss1,apt_libnss3,apt_xvfb
511,apt_dos2unix
519,apt_dos2unix
531,apt_dos2unix
533,apt_wget,apt_dstat,apt_maven,apt_git
538,pip_pip,pip_dopy,pip_six
539,apt_software-properties-common,apt_oracle-java8-installer,apt_wget,apt_unzip,apt_tar
542,apt_build-essential
543,apt_man,apt_vim,apt_tmux,apt_git,apt_git-core,apt_bash-completion,apt_curl,apt_wget,apt_python-pip,apt_python-dev,apt_build-essential,apt_ipython,apt_ctags,apt_ack-grep,apt_cmake,apt_dh-make,apt_debhelper,apt_xz-utils,apt_python-sphinx,pip_pip,pip_pytest
546,apt_software-properties-common,apt_oracle-java8-installer,apt_curl
547,apt_software-properties-common,apt_oracle-java8-installer,apt_curl
549,pip_mkdocs
551,apt_golang-go,apt_golang-golang-x-net-dev,apt_golang-golang-x-tools,apt_golang-golang-x-tools-dev,apt_golang-goprotobuf-dev,apt_golang-x-text-dev,apt_git-core,apt_mercurial,apt_protobuf-compiler
552,apt_$DEPENDENCIES
553,apt_python3-pip,apt_python3-dev,apt_python-virtualenv
554,apt_curl,apt_git,apt_gcc
557,apt_wget,apt_owncloud
559,apt_curl,apt_nodejs
561,apt_freetds-bin,apt_freetds-common,apt_freetds-dev,pip_Cython,pip_ipython,pip_SQLAlchemy,pip_pandas,pip_Alembic
563,apt_git-core,apt_build-essential,apt_pkg-config,apt_libtool,apt_libevent-dev,apt_libncurses-dev,apt_zlib1g-dev,apt_automake,apt_libssh-dev,apt_cmake,apt_ruby
565,apt_git,apt_python-apsw,apt_python-jinja2,apt_python-requests,apt_python-twisted,apt_python-txzmq,apt_python-yaml
566,pip_junit-xml
567,pip_junit-xml
568,pip_jinja2,pip_pycrypto,pip_junit-xml
569,pip_junit-xml
570,pip_jinja2,pip_pycrypto,pip_junit-xml
571,pip_gunicorn,pip_httpbin
572,pip_junit-xml
573,pip_junit-xml
574,pip_junit-xml
577,apt_locales
579,apt_libpulse0:i386,apt_pulseaudio:i386,apt_curl,apt_libqt4-dbus:i386,apt_libqt4-network:i386,apt_libqt4-xml:i386,apt_libqtcore4:i386,apt_libqtgui4:i386,apt_libqtwebkit4:i386,apt_libxss1:i386,apt_libxv1:i386,apt_libssl1.0.0:i386,apt_xdg-utils
580,apt_apt-utils,apt_python-pip,apt_uwsgi,apt_uwsgi-plugin-python,apt_dnsutils,apt_host,apt_git,apt_whois,pip_django,pip_requests
583,apt_git,apt_curl,apt_cmake,apt_build-essential,apt_flex,apt_bison,apt_libkrb5-dev,apt_libsasl2-dev,apt_libnuma-dev,apt_pkg-config,apt_libssl-dev,apt_libcap-dev,apt_ruby,apt_gperf,apt_autoconf-archive,apt_libevent-dev,apt_libgoogle-glog-dev,apt_wget
586,apt_nginx
595,apt_apt-utils,apt_npm,apt_sudo,apt_wget
596,pip_pip,pip_virtualenv
597,apt_bzip2,apt_unzip,apt_xz-utils,apt_ca-certificates,apt_python-software-properties,apt_software-properties-common,apt_openjdk-8-jdk
598,apt_apt-transport-https,apt_ca-certificates,apt_curl,apt_lxc,apt_git,apt_gcc,apt_make,apt_zlib1g,apt_zlib1g.dev,apt_openssl,apt_libssl-dev,apt_iptables
601,apt_g++,apt_gcc,apt_libc6-dev,apt_make
602,apt_$PHPIZE_DEPS,apt_ca-certificates,apt_curl,apt_libedit2,apt_libsqlite3-0,apt_libxml2,apt_$buildDeps
605,apt_git-core,apt_build-essential,apt_wget,apt_autotools-dev,apt_libtool,apt_pkg-config,apt_zlib1g-dev,apt_libcunit1-dev,apt_libssl-dev,apt_libxml2-dev,apt_libevent-dev,apt_automake,apt_autoconf,apt_make,apt_binutils,apt_autoconf,apt_automake,apt_autotools-dev,apt_libtool,apt_pkg-config,apt_zlib1g-dev,apt_libcunit1-dev,apt_libssl-dev,apt_libxml2-dev,apt_libev-dev,apt_libevent-dev,apt_libjansson-dev,apt_libjemalloc-dev,apt_cython,apt_python3.4-dev,apt_python-setuptools
606,apt_apt,apt_openjdk-8-jdk,apt_bash
611,apt_autoconf,apt_automake,apt_autopoint,apt_bash,apt_binutils,apt_bison,apt_bzip2,apt_flex,apt_g++,apt_g++-multilib,apt_gettext,apt_git,apt_gperf,apt_intltool,apt_libc6-dev-i386,apt_libgdk-pixbuf2.0-dev,apt_libltdl-dev,apt_libssl-dev,apt_libtool-bin,apt_libxml-parser-perl,apt_make,apt_openssl,apt_p7zip-full,apt_patch,apt_perl,apt_pkg-config,apt_python,apt_ruby,apt_sed,apt_unzip,apt_wget,apt_xz-utils,apt_lzip,apt_scons
612,apt_autoconf,apt_automake,apt_git,apt_libtool-bin,apt_make,apt_wget,apt_unzip,apt_python,apt_bzip2,apt_pkg-config,apt_libx11-xcb1,apt_libgl1-mesa-glx,apt_libglib2.0-0,apt_openjdk-8-jdk
625,apt_inotify-tools,apt_nginx,apt_apache2,apt_openssh-server
628,apt_netcat
630,apt_nodejs
633,apt_python3.4,apt_python3-pip,apt_git,apt_node-uglify,apt_node-less,apt_coffeescript,apt_locales-all,apt_libssl-dev,apt_libffi-dev,apt_python-dev
634,apt_stress
636,apt_build-essential,apt_libfreetype6-dev,apt_libpng12-dev,apt_libzmq3-dev,apt_pkg-config,apt_python,apt_python-dev,apt_rsync,apt_software-properties-common,apt_curl,apt_unzip,apt_wget,apt_grep,apt_sed,apt_vim,apt_iputils-ping,apt_net-tools,apt_gdb,apt_python2.7-dbg,apt_tzdata,apt_krb5-user,apt_libpam-krb5,apt_gfortran,pip_Pillow,pip_h5py,pip_ipykernel,pip_jupyter,pip_matplotlib,pip_numpy,pip_pandas,pip_scipy,pip_sklearn,apt_locales,apt_git,apt_openjdk-8-jdk
640,apt_locales,apt_software-properties-common,apt_build-essential,apt_wget,apt_curl,apt_grep,apt_sed,apt_dpkg,apt_openjdk-8-jdk,apt_bzip2,apt_ca-certificates,apt_libglib2.0-0,apt_libxext6,apt_libsm6,apt_libxrender1,apt_git,apt_mercurial,apt_subversion,apt_python-dev,apt_python-pip,apt_gfortran,apt_r-base,apt_r-base-dev,apt_apt-transport-https,apt_kubectl
642,apt_build-essential,apt_libfreetype6-dev,apt_libpng12-dev,apt_libzmq3-dev,apt_pkg-config,apt_python,apt_python-dev,apt_rsync,apt_software-properties-common,apt_curl,apt_unzip,apt_wget,apt_grep,apt_sed,apt_vim,apt_iputils-ping,apt_net-tools,apt_gdb,apt_python2.7-dbg,apt_tzdata,apt_cuda-cublas-9-0,apt_cuda-cufft-9-0,apt_cuda-curand-9-0,apt_cuda-cusolver-9-0,apt_cuda-cusparse-9-0,apt_libcudnn7,apt_krb5-user,apt_libpam-krb5,apt_gfortran,pip_Pillow,pip_h5py,pip_ipykernel,pip_jupyter,pip_matplotlib,pip_numpy,pip_pandas,pip_scipy,pip_sklearn,apt_locales,apt_git,apt_openjdk-8-jdk
643,apt_krb5-user,apt_libpam-krb5,apt_curl,apt_unzip,apt_wget,apt_grep,apt_sed,apt_vim,apt_tzdata
644,apt_apt,apt_nodejs,pip_pip
645,apt_wget,apt_python-dev,apt_python-pip,apt_libczmq-dev,apt_libcurlpp-dev,apt_curl,apt_libssl-dev,apt_git,apt_inetutils-telnet,apt_bind9utils,apt_zip,apt_unzip,pip_pip,pip_setuptools,pip_kubernetes,pip_cryptography,pip_psycopg2-binary,pip_#,pip_I,pip_had,pip_issues,pip_with,pip_older,pip_versions,pip_of,"pip_psycopg2,",pip_just,pip_a,pip_warning
646,apt_curl,apt_locales,apt_zip,apt_unzip,apt_netcat,apt_dnsutils,apt_postgresql-client
647,apt_nmap,apt_net-tools,apt_cython3,apt_libudev-dev,apt_sudo,apt_libglib2.0-dev,apt_bluetooth,apt_libbluetooth-dev
651,apt_python3-pip,apt_python3-pytest,apt_docker.io,apt_python3-crypto
657,apt_locales
658,apt_locales
659,apt_locales
660,apt_${BUILD_DEPS},apt_php-xdebug,apt_php-memcache,apt_php-memcached,apt_php-mongo,apt_php5.6-bcmath
661,apt_${BUILD_DEPS},apt_libcouchbase2-libevent,apt_libcouchbase-dev,apt_php-xdebug,apt_php-redis,apt_php-memcache,apt_php-memcached,apt_php-mongo,apt_php5.5-bcmath
662,apt_locales
664,apt_${BUILD_DEPS},apt_php-xdebug,apt_php-apcu,apt_php-memcache,apt_php-memcached,apt_php-mongodb,apt_php7.0-bcmath
665,apt_${BUILD_DEPS},apt_php-xdebug,apt_php-apcu,apt_php-memcache,apt_php-memcached,apt_php-mongodb,apt_php7.2-bcmath
667,apt_${BUILD_DEPS},apt_libcouchbase2-libevent,apt_libcouchbase-dev,apt_libsasl2-dev,apt_libmemcached-dev,apt_php5-memcache
668,apt_${BUILD_DEPS},apt_php-xdebug,apt_php-apcu,apt_php-memcache,apt_php-memcached,apt_php-mongodb,apt_php7.3-bcmath
669,apt_locales
670,apt_${BUILD_DEPS},apt_php-xdebug,apt_php-apcu,apt_php-memcache,apt_php-memcached,apt_php-mongodb,apt_php7.1-bcmath
671,apt_git,apt_zlib1g-dev,apt_libzip-dev
677,apt_git,apt_make,apt_gcc,apt_g++
678,apt_realpath
683,apt_git,apt_make,apt_wget,apt_cpio,apt_socat,apt_ctags,apt_cscope,apt_python3-pip,apt_clang-format-3.8,apt_rsync,apt_curl,apt_libpython2.7,apt_gcc,apt_libc6-dev,apt_qemu-system-mips,apt_seabios,apt_openssh-client
684,pip_certbot-s3front
690,apt_libnss3,apt_libnss3-tools,apt_libfontconfig1,apt_wget,apt_ca-certificates,apt_apt-transport-https,apt_inotify-tools,apt_google-chrome-unstable
693,apt_build-essential,apt_ca-certificates,apt_file,apt_git,apt_openssh-client,apt_python,apt_python-pip,apt_rpm,apt_unzip,apt_wget,apt_zip,apt_zlib1g-dev
694,apt_build-essential,apt_ca-certificates,apt_curl,apt_file,apt_git,apt_jq,apt_openssh-client,apt_pkg-config,apt_python,apt_python-dev,apt_python-openssl,apt_python-pip,apt_rsync,apt_unzip,apt_wget,apt_xz-utils,apt_zip,apt_zlib1g-dev,apt_apt-transport-https,apt_ca-certificates,apt_curl,apt_gnupg2,apt_software-properties-common,apt_lsb-release,apt_docker-ce
697,apt_git
698,apt_build-essential,apt_pkg-config,apt_unzip,apt_bash-completion,apt_git,apt_wget
701,apt_python-matplotlib
714,apt_git,apt_wget,apt_unzip,apt_python,apt_python-pip,apt_mocha
718,apt_git,apt_jq,apt_wget,apt_python,apt_python-yaml,apt_python-pip,pip_influxdb,pip_google-cloud-bigquery
721,apt_python,apt_rsync,apt_wget
722,apt_tzdata,apt_curl,apt_pv,apt_time,apt_sqlite3,apt_python-pip
723,apt_ca-certificates
726,apt_tar,apt_git,apt_curl,apt_nano,apt_wget,apt_dialog,apt_net-tools,apt_build-essential,apt_vim,apt_python,apt_python-dev,apt_python-distribute,apt_python-pip,apt_gfortran,apt_libopenblas-dev,apt_liblapack-dev
730,apt_bc,apt_graphviz,apt_rpm,pip_awscli
735,apt_build-essential,apt_ca-certificates,apt_git,apt_python,apt_python-pip,apt_rpm,apt_unzip,apt_wget,apt_zip,apt_zlib1g-dev,pip_pylint,pip_pyyaml
736,apt_,apt_python-requests,apt_,apt_wget
740,apt_netcat,pip_circus,pip_gunicorn,pip_taiga-contrib-gogs,pip_taiga-contrib-slack
745,apt_curl,apt_nodejs,apt_software-properties-common,apt_cpp-ethereum,apt_emacs,apt_vim,apt_git,apt_build-essential,apt_python
752,apt_sudo,apt_python3,apt_python3-pip,apt_nano,apt_git,apt_expect
757,apt_python-dev,apt_python-setuptools,apt_supervisor,apt_git-core,pip_virtualenv,pip_uwsgi
759,apt_build-essential,apt_ca-certificates,apt_curl,apt_git,apt_libasound2,apt_libgconf-2-4,apt_libgnome-keyring-dev,apt_libgtk2.0-0,apt_libnss3,apt_libxtst6,apt_nodejs
761,apt_mutt,apt_offlineimap,apt_vim-nox,apt_abook,apt_elinks,apt_curl,apt_tmux,apt_cron,apt_zsh
762,apt_librados-dev,apt_apache2-utils
764,apt_git,apt_golang,apt_ca-certificates
767,apt_iputils-ping,apt_netcat,apt_build-essential,apt_snmp,apt_snmpd,apt_snmp-mibs-downloader,apt_php5-cli,apt_apache2,apt_libapache2-mod-php5,apt_runit,apt_bc,apt_postfix,apt_bsd-mailx
770,apt_bash-completion,apt_btrfs-tools,apt_build-essential,apt_curl,apt_ca-certificates,apt_debhelper,apt_dh-systemd,apt_git,apt_libapparmor-dev,apt_libdevmapper-dev,apt_libsqlite3-dev,apt_libsystemd-journal-dev
771,apt_bash-completion,apt_btrfs-tools,apt_build-essential,apt_curl,apt_ca-certificates,apt_debhelper,apt_dh-systemd,apt_git,apt_libapparmor-dev,apt_libdevmapper-dev,apt_libsqlite3-dev,apt_libsystemd-journal-dev
777,apt_tmux,apt_zsh,apt_weechat-curses
778,apt_bash-completion,apt_btrfs-tools,apt_build-essential,apt_curl,apt_ca-certificates,apt_debhelper,apt_dh-systemd,apt_git,apt_libapparmor-dev,apt_libdevmapper-dev,apt_libsqlite3-dev,apt_libsystemd-dev
780,apt_wget
781,apt_bash-completion,apt_build-essential,apt_curl,apt_ca-certificates,apt_debhelper,apt_git,apt_libapparmor-dev,apt_libsqlite3-dev
784,apt_bash-completion,apt_btrfs-tools,apt_build-essential,apt_curl,apt_ca-certificates,apt_debhelper,apt_dh-systemd,apt_git,apt_libapparmor-dev,apt_libdevmapper-dev,apt_libsqlite3-dev,apt_libsystemd-journal-dev
788,apt_libcap2-bin,apt_mumble-server
790,apt_znc
791,apt_bash-completion,apt_btrfs-tools/wheezy-backports,apt_build-essential,apt_curl,apt_ca-certificates,apt_debhelper,apt_dh-systemd,apt_git,apt_libapparmor-dev,apt_libdevmapper-dev,apt_libsqlite3-dev,apt_libsystemd-journal-dev
792,apt_gparted,apt_libcanberra-gtk-module
794,apt_mongodb-org
795,apt_python-software-properties,apt_software-properties-common,apt_postgresql-9.3,apt_postgresql-client-9.3,apt_postgresql-contrib-9.3
799,apt_nginx-full
801,apt_unzip,apt_wget,apt_unzip,apt_wget,apt_git,apt_golang,apt_ca-certificates,apt_build-essential
802,apt_redis-server,apt_redis-tools
805,apt_openssl
807,apt_libc6-dev-i386,apt_curl,apt_unzip
808,apt_openssh-server
809,apt_apparmor,apt_aufs-tools,apt_automake,apt_bash-completion,apt_btrfs-tools,apt_build-essential,apt_createrepo,apt_curl,apt_dpkg-sig,apt_gcc-mingw-w64,apt_git,apt_iptables,apt_libapparmor-dev,apt_libcap-dev,apt_libsqlite3-dev,apt_libsystemd-journal-dev,apt_mercurial,apt_parallel,apt_pkg-config,apt_python-mock,apt_python-pip,apt_python-websocket,apt_reprepro,apt_ruby1.9.1,apt_ruby1.9.1-dev,apt_s3cmd,apt_ubuntu-zfs,apt_libzfs-dev
810,apt_bash-completion,apt_btrfs-tools,apt_build-essential,apt_curl,apt_ca-certificates,apt_debhelper,apt_dh-systemd,apt_git,apt_libapparmor-dev,apt_libdevmapper-dev,apt_libsqlite3-dev,apt_libsystemd-dev
812,apt_chromium,apt_chromium-l10n,apt_libcanberra-gtk-module,apt_libexif-dev
813,apt_curl,apt_supervisor,apt_riak
816,apt_curl,apt_jq,apt_wget,apt_git,apt_build-essential
817,apt_apt-transport-https,apt_build-essential,apt_curl,apt_ca-certificates,apt_git,apt_lsb-release,apt_python-all,apt_rlwrap,apt_vim,apt_nano,apt_jq
819,apt_texlive-xetex,apt_texlive-math-extra,apt_texlive-lang-cyrillic,apt_cm-super,apt_rubber,apt_curl,apt_ca-certificates,apt_file
834,apt_mongodb-org
835,apt_build-essential,apt_git
836,apt_software-properties-common,apt_python,apt_nodejs
837,apt_openssh-server
841,apt_supervisor,apt_libpam-cracklib
842,apt_curl,apt_lib32gcc1
846,apt_lib32z1,apt_lib32ncurses5,apt_lib32bz2-1.0,apt_lib32stdc++6,apt_g++,apt_software-properties-common,apt_oracle-java8-installer,apt_gradle
852,apt_build-essential,apt_devscripts,apt_debhelper,apt_software-properties-common,apt_byobu,apt_curl,apt_git,apt_htop,apt_man,apt_unzip,apt_vim,apt_wget,apt_make,apt_zsh,apt_exuberant-ctags
855,apt_ruby,apt_ruby-dev,apt_redis-server
867,apt_curl,apt_build-essential,apt_libpq-dev
869,apt_libnet-dev,apt_libprotobuf-c-dev,apt_libprotobuf-dev,apt_libnl-3-dev,apt_libcap-dev,apt_protobuf-compiler,apt_protobuf-c-compiler,apt_python-protobuf,apt_ca-certificates,apt_jq,apt_crossbuild-essential-armhf,apt_crossbuild-essential-arm64,apt_crossbuild-essential-armel,apt_libapparmor-dev,apt_libseccomp-dev,apt_libseccomp-dev:armhf,apt_libseccomp-dev:arm64,apt_libseccomp-dev:armel,apt_libapparmor-dev:armhf,apt_libapparmor-dev:arm64,apt_libapparmor-dev:armel,apt_#,apt_this,apt_arches,apt_seccomp,apt_here,apt_due,apt_to,apt_compat,apt_issues,apt_with,apt_the,apt_v0,apt_builder,apt_btrfs-tools,apt_cmake,apt_vim-common,apt_apparmor,apt_aufs-tools,apt_bash-completion,apt_btrfs-tools,apt_iptables,apt_jq,apt_libcap2-bin,apt_libdevmapper-dev,apt_libudev-dev,apt_libsystemd-dev,apt_binutils-mingw-w64,apt_g++-mingw-w64-x86-64,apt_net-tools,apt_pigz,apt_python3-pip,apt_python3-setuptools,apt_python3-wheel,apt_thin-provisioning-tools,apt_vim,apt_vim-common,apt_xfsprogs,apt_zip,apt_bzip2,apt_xz-utils,apt_libprotobuf-c1,apt_libnet1,apt_libnl-3-200
871,apt_gparted,apt_libcanberra-gtk-module
872,apt_chromium,apt_chromium-l10n,apt_libcanberra-gtk-module,apt_libexif-dev
877,apt_python
882,apt_curl,apt_ssh,apt_git,apt_python
886,apt_build-essential,apt_curl,apt_libfreetype6-dev,apt_libpng12-dev,apt_libzmq3-dev,apt_pkg-config,apt_python,apt_python-dev,apt_rsync,apt_software-properties-common,apt_unzip,pip_Pillow,pip_h5py,pip_ipykernel,pip_jupyter,pip_matplotlib,pip_numpy,pip_pandas,pip_scipy,pip_sklearn
887,apt_curl,apt_python,apt_python-pip
888,apt_libjpeg8-dev,pip_scikit-learn,pip_pyreadline,pip_Pillow
889,apt_curl,apt_libcurl4-openssl-dev,apt_python,apt_python-pip
890,apt_autoconf,apt_automake,apt_curl,apt_g++,apt_git,apt_libtool,apt_make,apt_python,apt_unzip,apt_zlib1g-dev
891,apt_build-essential,apt_git,apt_software-properties-common
892,apt_curl,apt_python-numpy,apt_python-pip
893,apt_software-properties-common,apt_python-software-properties,apt_ffmpeg
904,apt_redis-server,apt_python,apt_redis-server
905,apt_apt-transport-https,apt_ca-certificates
906,apt_qemu-system-x86,apt_qemu-utils,apt_dnsmasq-base,apt_iptables,apt_iproute2,apt_openvpn,apt_netcat-openbsd,apt_p7zip-full,apt_genisoimage,apt_curl,apt_build-essential
907,apt_git
908,apt_cron
909,apt_libxml2-dev,apt_libxslt-dev,apt_protobuf-compiler,apt_python,apt_python-dev,apt_python-lxml,apt_python-nose,apt_python-pip,apt_python-pyproj,apt_python-virtualenv,apt_python3,apt_python3-dev,apt_python3-nose,apt_python3-pip,apt_python3-pyproj,apt_python3-lxml,apt_sudo
910,apt_nginx,apt_npm,apt_postgresql-client,apt_protobuf-compiler,apt_python3,apt_#,apt_Install,apt_from,apt_apt,apt_as,apt_it's,apt_much,apt_faster.
911,apt_bzr
914,apt_git-core,apt_build-essential,apt_wget,apt_autotools-dev,apt_libtool,apt_pkg-config,apt_zlib1g-dev,apt_libcunit1-dev,apt_libssl-dev,apt_libxml2-dev,apt_libevent-dev,apt_automake,apt_autoconf,apt_make,apt_binutils,apt_autoconf,apt_automake,apt_autotools-dev,apt_libtool,apt_pkg-config,apt_zlib1g-dev,apt_libcunit1-dev,apt_libssl-dev,apt_libxml2-dev,apt_libev-dev,apt_libevent-dev,apt_libjansson-dev,apt_libjemalloc-dev,apt_cython,apt_python3.4-dev,apt_python-setuptools
915,apt_mpich,apt_libmpich-dev
917,apt_patch,apt_racket
918,apt_git
919,apt_git
920,apt_git
921,apt_software-properties-common,apt_oracle-jdk7-installer
922,apt_software-properties-common,apt_oracle-java8-installer
923,apt_git
924,pip_python-twitter
925,apt_python3-pip,apt_python3-dev,apt_sqlite3,apt_libsqlite3-dev,apt_build-essential,apt_libssl-dev,apt_libffi-dev
926,apt_unzip,apt_wget,apt_build-essential,apt_cmake,apt_git,apt_pkg-config,apt_libswscale-dev,apt_python3-dev,apt_python3-numpy,apt_python3-pip,apt_libtbb2,apt_libtbb-dev,apt_libjpeg-dev,apt_libffi-dev,apt_libpng-dev,apt_libtiff-dev,apt_libjasper-dev,apt_libssl-dev,apt_python-opencv
927,apt_python3-pip,apt_python3-dev,apt_sqlite3,apt_libsqlite3-dev,apt_build-essential,apt_libssl-dev,apt_libffi-dev
928,apt_sudo,apt_software-properties-common,apt_libxext-dev,apt_libxrender-dev,apt_libxslt1.1,apt_libgconf-2-4,apt_libnotify4,apt_libnspr4,apt_libnss3,apt_libnss3-nssdb,apt_libxtst-dev,apt_libgtk2.0-0,apt_libcanberra-gtk-module,apt_libxss1,apt_libxkbfile1,apt_git,apt_curl,apt_tree,apt_locate,apt_net-tools,apt_telnet,apt_emacs,apt_ruby,apt_make,apt_bash-completion,apt_bash-completion,apt_python,apt_python-pip,apt_meld,apt_nodejs-legacy,apt_npm,apt_libxkbfile1,apt_libxss1,apt_locales,apt_netcat,pip_pip,pip_mkdocs
930,apt_git-core,apt_build-essential,apt_wget,apt_autotools-dev,apt_libtool,apt_pkg-config,apt_zlib1g-dev,apt_libcunit1-dev,apt_libssl-dev,apt_libxml2-dev,apt_libevent-dev,apt_automake,apt_autoconf,apt_make,apt_binutils,apt_autoconf,apt_automake,apt_autotools-dev,apt_libtool,apt_pkg-config,apt_zlib1g-dev,apt_libcunit1-dev,apt_libssl-dev,apt_libxml2-dev,apt_libev-dev,apt_libevent-dev,apt_libjansson-dev,apt_libjemalloc-dev,apt_cython,apt_python3.4-dev,apt_python-setuptools
935,apt_ca-certificates,apt_gnupg,apt_curl,apt_tzdata,apt_locales,apt_php7.2-fpm,apt_php7.2-curl,apt_php7.2-gd,apt_php7.2-soap,apt_php7.2-mbstring,apt_php7.2-curl,apt_php7.2-bcmath,apt_php7.2-sqlite3,apt_php7.2-intl,apt_php7.2-apcu,apt_php-redis,apt_php-xdebug,apt_php7.2-dev,apt_php-pear
937,apt_openssh-server,apt_zip,apt_unzip,apt_vim,apt_sudo,apt_gcc,apt_gfortran,apt_openmpi-checkpoint,apt_binutils,apt_wget,apt_curl,apt_git,apt_openmpi-bin,apt_openmpi-common,apt_libopenmpi-dev,pip_mpi4py,pip_numpy,pip_virtualenv,pip_scipy,pip_matplotlib,pip_lxml,pip_sqlalchemy,pip_suds,pip_ipython,pip_obspy
938,apt_openssh-server
941,apt_patchelf,apt_git,apt_python-pip,apt_python-dev,apt_python-opencv,apt_openssh-server,apt_bison,apt_libnccl2,apt_libnccl-dev,apt_wget,apt_unzip,apt_unrar,apt_tar,apt_xz-utils,apt_bzip2,apt_gzip,apt_coreutils,apt_ntp,apt_curl,apt_sed,apt_grep,apt_graphviz,apt_libjpeg-dev,apt_zlib1g-dev,apt_python-matplotlib,apt_gcc-4.8,apt_g++-4.8,apt_automake,apt_locales,apt_clang-format,apt_swig,apt_cmake,apt_liblapack-dev,apt_liblapacke-dev,apt_clang-3.8,apt_llvm-3.8,apt_libclang-3.8-dev,apt_net-tools,apt_libtool,apt_ccache,pip_wheel,pip_docopt,pip_PyYAML,pip_sphinx,pip_sphinx-rtd-theme,pip_recommonmark,pip_pre-commit,pip_ipython,pip_ipykernel,pip_jupyter,pip_opencv-python,pip_pylint,pip_pytest,pip_astroid,pip_isort,pip_LinkChecker,apt_libssl-dev,apt_libffi-dev,pip_certifi,pip_urllib3[secure]
943,apt_python,apt_python-pip,apt_iputils-ping,apt_libgtk2.0-dev,apt_wget,apt_vim,apt_net-tools,apt_iftop,apt_python-opencv,pip_pip,pip_kubernetes,pip_paddlepaddle
946,apt_git-core,apt_build-essential,apt_wget,apt_autotools-dev,apt_libtool,apt_pkg-config,apt_zlib1g-dev,apt_libcunit1-dev,apt_libssl-dev,apt_libxml2-dev,apt_libevent-dev,apt_automake,apt_autoconf,apt_make,apt_binutils,apt_autoconf,apt_automake,apt_autotools-dev,apt_libtool,apt_pkg-config,apt_zlib1g-dev,apt_libcunit1-dev,apt_libssl-dev,apt_libxml2-dev,apt_libev-dev,apt_libevent-dev,apt_libjansson-dev,apt_libjemalloc-dev,apt_cython,apt_python3.4-dev,apt_python-setuptools
951,apt_python3-dev,apt_python3-pip,apt_python3-yaml,apt_python3-lxml,apt_libxslt-dev,apt_libxml2-dev,apt_net-tools,apt_nmap,apt_build-essential
952,apt_graphviz,pip_awscli
953,apt_wget,apt_software-properties-common,apt_oracle-java7-installer,apt_vim,apt_hadoop-hdfs-namenode,apt_hadoop-hdfs-datanode,apt_impala,apt_impala-server,apt_impala-shell,apt_impala-catalog,apt_impala-state-store
954,apt_apt-utils,apt_inetutils-tools,apt_aptitude,apt_apt-file,apt_net-tools,apt_g++,apt_xz-utils,apt_cmake,apt_net-tools,apt_inetutils-ping,apt_vim,apt_aptitude,apt_net-tools,apt_git,apt_golang,apt_python,apt_python-dev,apt_golang-go.tools
956,apt_python
958,apt_curl
962,apt_nfs-kernel-server
964,apt_curl
967,apt_python-seqdiag,apt_make,apt_curl
968,apt_curl
971,apt_curl
976,apt_iptables,apt_ca-certificates
980,apt_rsync
985,pip_requests
987,apt_wheezy-backports,apt_nginx
991,pip_docker-compose
992,apt_glusterfs-server
993,apt_curl
995,apt_procps,apt_cassandra
1005,apt_dnsutils
1007,apt_git,apt_apache2,apt_dpkg-dev,apt_python-pygments,apt_php5,apt_php5-mysql,apt_php5-gd,apt_php5-dev,apt_php5-curl,apt_php-apc,apt_php5-cli,apt_php5-json,apt_php5-xhprof
1009,apt_dnsutils
1011,apt_curl,apt_libcurl4-openssl-dev,apt_make
1016,apt_curl
1017,apt_python-dev,apt_python-pip,pip_flower
1018,apt_scala
1021,apt_asciidoctor,apt_unzip
1024,apt_automake,apt_curl,apt_git,apt_make,apt_openjdk-7-jdk,apt_python
1025,apt_gnuplot,apt_make,apt_openjdk-7-jre-headless,apt_supervisor,apt_nano,apt_vim,apt_less,apt_wget
1027,apt_ca-certificates,apt_curl,apt_git,apt_bison,apt_gawk,apt_make,apt_python,apt_gcc,apt_gcc-multilib,apt_gettext,apt_texinfo,apt_qemu,apt_gcc-aarch64-linux-gnu,apt_gcc-arm-linux-gnueabi,apt_gcc-mips-linux-gnu,apt_gcc-mips64-linux-gnuabi64,apt_gcc-mips64el-linux-gnuabi64,apt_gcc-mipsel-linux-gnu,apt_gcc-powerpc64-linux-gnu,apt_gcc-powerpc64le-linux-gnu,apt_gcc-s390x-linux-gnu,apt_gcc-sparc64-linux-gnu
1028,apt_curl,apt_libc6-i386,apt_lib32z1,apt_lib32gcc1,apt_nodejs
1029,apt_build-essential,apt_curl,apt_git,apt_libssl-dev,apt_libreadline-dev,apt_python,apt_zip,apt_zlib1g-dev
1030,apt_dash,apt_bash,apt_ksh,apt_ash,apt_zsh,apt_bats
1043,apt_wget,apt_curl,apt_ca-certificates,apt_tomcat8
1044,apt_wget,apt_curl,apt_ca-certificates,apt_tomcat8
1049,apt_wget,apt_curl,apt_ca-certificates,apt_tomcat8
1051,apt_wget,apt_curl,apt_ca-certificates,apt_tomcat7
1056,apt_wget,apt_curl,apt_ca-certificates,apt_tomcat7
1063,apt_make,apt_gcc,apt_libssl-dev,apt_libpam0g-dev,apt_libcap-dev,apt_libkrb5-dev,apt_libx11-dev,apt_libxext-dev,apt_libxfixes-dev,apt_libxi-dev,apt_libxrandr-dev,apt_libxrender-dev,apt_libxdamage-dev,apt_libxtst-dev
1066,apt_zlib1g-dev,apt_clang-3.8,apt_clang-3.8-doc,apt_libclang-common-3.8-dev,apt_libclang-3.8-dev,apt_libclang1-3.8,apt_libclang1-3.8-dbg,apt_libllvm3.8,apt_libllvm3.8-dbg,apt_lldb-3.8,apt_llvm-3.8,apt_llvm-3.8-dev,apt_llvm-3.8-doc,apt_llvm-3.8-examples,apt_llvm-3.8-runtime,apt_clang-format-3.8,apt_python-clang-3.8,apt_lldb-3.8-dev,apt_opt,apt_libedit-dev,apt_build-essential,apt_make,apt_ln,apt_ln
1068,apt_python3,apt_git,apt_python3-pip,apt_libxml2-dev,apt_libxslt1-dev,apt_python-dev,apt_python-virtualenv,apt_locales,apt_libffi-dev,apt_build-essential,apt_python3-dev,apt_zlib1g-dev,apt_libssl-dev,apt_npm,apt_gettext,apt_git,apt_libpq-dev,apt_libmysqlclient-dev,apt_libmemcached-dev,apt_libjpeg-dev,apt_aqbanking-tools
1072,pip_pip
1073,apt_apt-mirror
1074,apt_librsvg2-dev
1076,apt_build-essential,apt_ca-certificates,apt_curl,apt_git,apt_libasound2,apt_libgconf-2-4,apt_libgnome-keyring-dev,apt_libgtk2.0-0,apt_libnss3,apt_libxtst6,apt_nodejs
1082,apt_apt-transport-https,apt_ca-certificates,apt_curl,apt_lxc,apt_iptables
1086,pip_pip,pip_plumbum
1089,apt_nodejs
1092,apt_$DEPENDENCIES
1093,apt_gitlab-ce
1095,apt_software-properties-common,apt_opam,apt_build-essential,apt_m4
1104,apt_software-properties-common,apt_build-essential,apt_curl,apt_postgresql-client-9.3,apt_nodejs,apt_git
1105,apt_software-properties-common,apt_build-essential,apt_curl,apt_postgresql-client-9.3,apt_nodejs,apt_git
1112,apt_python-software-properties,apt_software-properties-common,apt_postgresql-9.3,apt_postgresql-client-9.3,apt_postgresql-contrib-9.3
1114,apt_build-essential,apt_supervisor,apt_libavahi-compat-libdnssd-dev,apt_libasound2-dev,apt_git
1117,apt_curl,apt_wget,apt_git,apt_python,apt_openjdk-7-jre-headless,apt_collectd
1118,apt_build-essential,apt_rng-tools,apt_python-dev,apt_g++,apt_libjpeg-dev,apt_sqlite3,apt_openssl,apt_alien,apt_libssl-dev,apt_wget,apt_lintian,apt_libjs-jquery
1119,apt_build-essential,apt_rng-tools,apt_python-dev,apt_g++,apt_libjpeg-dev,apt_sqlite3,apt_openssl,apt_alien,apt_libssl-dev,apt_wget,apt_lintian,apt_libjs-jquery,apt_curl
1120,apt_openjdk-7-jre-headless,apt_nginx
1121,apt_apt-transport-https,apt_software-properties-common,apt_mercurial,apt_python-psycopg2,apt_postgresql-9.3,apt_sudo,apt_samtools,apt_python-virtualenv,apt_wget,apt_nginx-extras,apt_nginx-common,apt_uwsgi,apt_uwsgi-plugin-python,apt_supervisor,apt_lxc-docker-1.7.1,apt_slurm-llnl,apt_slurm-llnl-torque,apt_libswitch-perl,apt_slurm-drmaa-dev,apt_proftpd,apt_proftpd-mod-pgsql,apt_libyaml-dev,apt_nodejs-legacy,apt_npm,apt_aufs-tools,apt_ansible,apt_nano,apt_nmap,apt_lynx,apt_vim,apt_curl,apt_python-pip
1122,apt_python,apt_python-dev,apt_python-pip,apt_dropbear,pip_flask,apt_alsa-utils,apt_libasound2-dev,apt_dpkg,apt_avahi-daemon,apt_avahi-utils
1123,apt_nodejs,apt_nodejs-legacy,apt_npm,apt_libtidy-0.99-0,apt_libtidy-dev,apt_mysql-client,apt_#,apt_Only,apt_for,apt_local,apt_dev.
1124,apt_python-pycurl,apt_python-apt,apt_ansible,apt_lsb-release
1127,apt_git,apt_golang,apt_libonig-dev,apt_libonig2,apt_mercurial,apt_python3.5,apt_python3.5-dev,apt_libqt5opengl5-dev,apt_libqt5qml-graphicaleffects,apt_qtbase5-private-dev,apt_qtdeclarative5-controls-plugin,apt_qtdeclarative5-dev,apt_qtdeclarative5-dialogs-plugin,apt_qtdeclarative5-qtquick2-plugin,apt_qtdeclarative5-quicklayouts-plugin,apt_qtdeclarative5-window-plugin
1129,apt_git,apt_zip
1130,apt_supervisor,apt_logrotate,apt_locales,apt_curl,apt_nginx,apt_openssh-server,apt_mysql-client,apt_postgresql-client,apt_redis-tools,apt_git-core,apt_ruby2.1,apt_python2.7,apt_python-docutils,apt_nodejs,apt_libmysqlclient18,apt_libpq5,apt_zlib1g,apt_libyaml-0-2,apt_libssl1.0.0,apt_libgdbm3,apt_libreadline6,apt_libncurses5,apt_libffi6,apt_libxml2,apt_libxslt1.1,apt_libcurl3,apt_libicu52,apt_git,apt_subversion,apt_openjdk-7-jre-headless
1134,apt_curl,apt_build-essential,apt_tcl8.5
1135,apt_curl,apt_build-essential,apt_git,apt_nodejs
1138,apt_python-docutils,apt_cdbs,apt_debootstrap,apt_devscripts,apt_make,apt_pbuilder,apt_python-jinja2,apt_python-setuptools,apt_python-yaml
1144,apt_git,apt_curl
1147,apt_oracle-java7-installer,apt_git,apt_git-core
1148,apt_libc6-dev,apt_gcc,apt_make
1153,apt_software-properties-common,apt_git,apt_nodejs
1154,apt_expect,apt_git,apt_wget,apt_build-essential,apt_postfix
1158,apt_software-properties-common,apt_oracle-java8-installer,apt_libswt-gtk-3-java,apt_x11-utils,apt_libxslt1.1
1159,apt_zlib1g-dev,apt_pkg-config,apt_libgeoip-dev,apt_git
1161,apt_build-essential,apt_qtscript5-dev,apt_qtsql5-dev,apt_qtnetwork5-dev,apt_libssl-dev,apt_git
1167,apt_apparmor,apt_bash-completion,apt_btrfs-tools,apt_build-essential,apt_cmake,apt_curl,apt_ca-certificates,apt_debhelper,apt_dh-apparmor,apt_dh-systemd,apt_git,apt_libapparmor-dev,apt_libdevmapper-dev,apt_libseccomp-dev,apt_pkg-config,apt_vim-common,apt_libsystemd-dev
1168,apt_iputils-ping,apt_netcat,apt_build-essential,apt_snmp,apt_snmpd,apt_snmp-mibs-downloader,apt_php5-cli,apt_apache2,apt_libapache2-mod-php5,apt_runit,apt_bc,apt_postfix,apt_bsd-mailx
1169,apt_chromium,apt_chromium-l10n,apt_libcanberra-gtk-module,apt_libexif-dev
1170,apt_apparmor,apt_bash-completion,apt_btrfs-tools,apt_build-essential,apt_cmake,apt_curl,apt_ca-certificates,apt_debhelper,apt_dh-apparmor,apt_dh-systemd,apt_git,apt_libapparmor-dev,apt_libdevmapper-dev,apt_libseccomp-dev,apt_pkg-config,apt_vim-common,apt_libsystemd-dev
1172,apt_libcap2-bin,apt_mumble-server
1173,apt_apparmor,apt_bash-completion,apt_btrfs-tools,apt_build-essential,apt_cmake,apt_curl,apt_ca-certificates,apt_debhelper,apt_dh-apparmor,apt_dh-systemd,apt_git,apt_libapparmor-dev,apt_libdevmapper-dev,apt_pkg-config,apt_vim-common,apt_libseccomp-dev,apt_libsystemd-dev
1174,apt_wheezy-backports,apt_btrfs-tools,apt_apparmor,apt_bash-completion,apt_build-essential,apt_cmake,apt_curl,apt_ca-certificates,apt_debhelper,apt_dh-apparmor,apt_dh-systemd,apt_git,apt_libapparmor-dev,apt_libdevmapper-dev,apt_pkg-config,apt_vim-common
1175,apt_apparmor,apt_bash-completion,apt_btrfs-tools,apt_build-essential,apt_cmake,apt_curl,apt_ca-certificates,apt_debhelper,apt_dh-apparmor,apt_dh-systemd,apt_git,apt_libapparmor-dev,apt_libdevmapper-dev,apt_pkg-config,apt_vim-common,apt_libseccomp-dev,apt_libsystemd-dev
1176,apt_apparmor,apt_apt-utils,apt_aufs-tools,apt_automake,apt_bash-completion,apt_binutils-mingw-w64,apt_bsdmainutils,apt_btrfs-tools,apt_build-essential,apt_cmake,apt_createrepo,apt_curl,apt_dpkg-sig,apt_gcc-mingw-w64,apt_git,apt_iptables,apt_jq,apt_less,apt_libapparmor-dev,apt_libcap-dev,apt_libnl-3-dev,apt_libprotobuf-c0-dev,apt_libprotobuf-dev,apt_libsystemd-journal-dev,apt_libtool,apt_mercurial,apt_net-tools,apt_pkg-config,apt_protobuf-compiler,apt_protobuf-c-compiler,apt_python-dev,apt_python-mock,apt_python-pip,apt_python-websocket,apt_tar,apt_vim,apt_vim-common,apt_xfsprogs,apt_zip,pip_awscli,apt_libnet-dev,pip_docker-pycreds,pip_yamllint
1177,apt_apparmor,apt_bash-completion,apt_btrfs-tools,apt_build-essential,apt_cmake,apt_curl,apt_ca-certificates,apt_debhelper,apt_dh-apparmor,apt_dh-systemd,apt_git,apt_libapparmor-dev,apt_libdevmapper-dev,apt_libseccomp-dev,apt_pkg-config,apt_vim-common,apt_libsystemd-dev
1178,apt_redis-server,apt_redis-tools
1179,apt_apparmor,apt_bash-completion,apt_btrfs-tools,apt_build-essential,apt_cmake,apt_curl,apt_ca-certificates,apt_debhelper,apt_dh-apparmor,apt_dh-systemd,apt_git,apt_libapparmor-dev,apt_libdevmapper-dev,apt_libseccomp-dev,apt_pkg-config,apt_vim-common,apt_libsystemd-dev
1180,apt_apparmor,apt_bash-completion,apt_btrfs-tools,apt_build-essential,apt_cmake,apt_curl,apt_ca-certificates,apt_debhelper,apt_dh-apparmor,apt_dh-systemd,apt_git,apt_libapparmor-dev,apt_libdevmapper-dev,apt_pkg-config,apt_vim-common,apt_libsystemd-dev,apt_golang-go,apt_libseccomp-dev
1181,apt_znc
1183,apt_mutt,apt_offlineimap,apt_vim-nox,apt_abook,apt_elinks,apt_curl,apt_tmux,apt_cron,apt_zsh
1186,apt_apparmor,apt_bash-completion,apt_btrfs-tools,apt_build-essential,apt_cmake,apt_curl,apt_ca-certificates,apt_debhelper,apt_dh-apparmor,apt_dh-systemd,apt_git,apt_libapparmor-dev,apt_libdevmapper-dev,apt_pkg-config,apt_vim-common,apt_libsystemd-journal-dev
1188,apt_apparmor,apt_bash-completion,apt_btrfs-tools,apt_build-essential,apt_cmake,apt_curl,apt_ca-certificates,apt_debhelper,apt_dh-apparmor,apt_dh-systemd,apt_git,apt_libapparmor-dev,apt_libdevmapper-dev,apt_pkg-config,apt_vim-common,apt_libsystemd-journal-dev,apt_golang-1.6-go,apt_libseccomp-dev
1189,apt_libc6-dev-i386,apt_curl,apt_unzip
1194,apt_apparmor,apt_bash-completion,apt_btrfs-tools,apt_build-essential,apt_cmake,apt_curl,apt_ca-certificates,apt_debhelper,apt_dh-apparmor,apt_dh-systemd,apt_git,apt_libapparmor-dev,apt_libdevmapper-dev,apt_pkg-config,apt_vim-common,apt_libsystemd-journal-dev
1201,apt_apparmor,apt_bash-completion,apt_btrfs-tools,apt_build-essential,apt_cmake,apt_curl,apt_ca-certificates,apt_debhelper,apt_dh-apparmor,apt_dh-systemd,apt_git,apt_libapparmor-dev,apt_libdevmapper-dev,apt_pkg-config,apt_vim-common,apt_libsystemd-journal-dev
1202,apt_apparmor,apt_bash-completion,apt_btrfs-tools,apt_build-essential,apt_cmake,apt_curl,apt_ca-certificates,apt_debhelper,apt_dh-apparmor,apt_dh-systemd,apt_git,apt_libapparmor-dev,apt_libdevmapper-dev,apt_libseccomp-dev,apt_pkg-config,apt_vim-common,apt_libsystemd-dev
1205,apt_unzip,apt_wget,apt_unzip,apt_wget,apt_git,apt_golang,apt_ca-certificates,apt_build-essential
1207,apt_apparmor,apt_bash-completion,apt_btrfs-tools,apt_build-essential,apt_cmake,apt_curl,apt_ca-certificates,apt_debhelper,apt_dh-apparmor,apt_dh-systemd,apt_git,apt_libapparmor-dev,apt_libdevmapper-dev,apt_libseccomp-dev,apt_pkg-config,apt_libsystemd-dev,apt_vim-common
1208,apt_gparted,apt_libcanberra-gtk-module
1209,apt_git,apt_golang,apt_ca-certificates
1210,apt_tmux,apt_zsh,apt_weechat-curses
1213,apt_apparmor,apt_bash-completion,apt_btrfs-tools,apt_build-essential,apt_cmake,apt_curl,apt_ca-certificates,apt_debhelper,apt_dh-apparmor,apt_dh-systemd,apt_git,apt_libapparmor-dev,apt_libdevmapper-dev,apt_pkg-config,apt_vim-common,apt_libsystemd-journal-dev
1222,apt_apparmor,apt_bash-completion,apt_btrfs-tools,apt_build-essential,apt_cmake,apt_curl,apt_ca-certificates,apt_debhelper,apt_dh-apparmor,apt_dh-systemd,apt_git,apt_libapparmor-dev,apt_libdevmapper-dev,apt_libseccomp-dev,apt_pkg-config,apt_vim-common,apt_libsystemd-dev
1223,apt_apparmor,apt_bash-completion,apt_btrfs-tools,apt_build-essential,apt_cmake,apt_curl,apt_ca-certificates,apt_debhelper,apt_dh-apparmor,apt_dh-systemd,apt_git,apt_libapparmor-dev,apt_libdevmapper-dev,apt_pkg-config,apt_vim-common,apt_libsystemd-journal-dev,apt_golang-1.6-go
1224,apt_wget
1228,apt_apparmor,apt_bash-completion,apt_btrfs-tools,apt_build-essential,apt_cmake,apt_curl,apt_ca-certificates,apt_debhelper,apt_dh-apparmor,apt_dh-systemd,apt_git,apt_libapparmor-dev,apt_libdevmapper-dev,apt_pkg-config,apt_vim-common,apt_libsystemd-journal-dev
1230,apt_nginx-full
1233,apt_apparmor,apt_bash-completion,apt_btrfs-tools,apt_build-essential,apt_cmake,apt_curl,apt_ca-certificates,apt_debhelper,apt_dh-apparmor,apt_dh-systemd,apt_git,apt_libapparmor-dev,apt_libdevmapper-dev,apt_pkg-config,apt_vim-common,apt_libsystemd-journal-dev
1234,apt_apparmor,apt_bash-completion,apt_btrfs-tools,apt_build-essential,apt_cmake,apt_curl,apt_ca-certificates,apt_debhelper,apt_dh-apparmor,apt_dh-systemd,apt_git,apt_libapparmor-dev,apt_libdevmapper-dev,apt_pkg-config,apt_vim-common,apt_libsystemd-dev,apt_golang-go,apt_libseccomp-dev
1235,apt_apparmor,apt_bash-completion,apt_btrfs-tools,apt_build-essential,apt_cmake,apt_curl,apt_ca-certificates,apt_debhelper,apt_dh-apparmor,apt_dh-systemd,apt_git,apt_libapparmor-dev,apt_libdevmapper-dev,apt_libseccomp-dev,apt_pkg-config,apt_libsystemd-dev,apt_vim-common
1238,pip_pip
1241,apt_stress
1242,apt_curl
1244,apt_python-pbs,apt_wget
1256,apt_python-docutils,apt_cdbs,apt_debootstrap,apt_devscripts,apt_make,apt_pbuilder,apt_python-jinja2,apt_python-setuptools,apt_python-yaml
1258,pip_pip
1260,apt_build-essential,apt_nodejs,apt_wget,apt_vim,apt_git,apt_wget,apt_libfreetype6,apt_libfontconfig
1264,apt_default-jre,apt_wget
1265,apt_python-dev,apt_python-pip,apt_git,apt_nodejs-legacy,apt_npm
1266,apt_default-jre,apt_wget
1267,apt_default-jre,apt_wget
1269,apt_mongodb-org
1270,apt_default-jre,apt_wget
1271,apt_curl,apt_git,apt_vim,apt_wget,apt_build-essential,apt_python-dev,apt_ca-certificates,apt_bzip2,apt_libsm6,apt_nodejs-legacy,apt_npm,apt_python-virtualenv,apt_python-pip,apt_gcc,apt_gfortran,apt_libglib2.0-0,apt_python-qt4,pip_setuptools,pip_pip
1272,apt_default-jre,apt_wget
1273,apt_ca-certificates,apt_wget,apt_locales,apt_postgresql-common,apt_postgresql-$PG_MAJOR,apt_postgresql-contrib-$PG_MAJOR
1274,apt_default-jre,apt_wget
1276,apt_libssl-dev,apt_build-essential,apt_git,apt_libreadline-dev,apt_libxml++2.6-dev,apt_openjdk-7-jdk,apt_libsqlite3-dev,apt_sqlite3,apt_libcurl4-gnutls-dev,apt_poppler-utils,apt_libreoffice,apt_libmagick++-dev,apt_libxslt1-dev,apt_libpq-dev,apt_ruby2.1,apt_ruby2.1-dev,apt_nodejs,apt_build-essential,apt_mysql-client,apt_postgresql-client,apt_nginx,apt_telnet,apt_vim,apt_links
1280,apt_build-essential,apt_git,apt_pkg-config,apt_python-matplotlib,apt_libpng-dev,apt_libfreetype6,apt_libfreetype6-dev,apt_python3-dev,apt_python3-pip,apt_python3-numpy,apt_python3-scipy,apt_cmake,apt_zlib1g-dev,apt_libhdf5-dev
1290,apt_mercurial
1291,apt_wget,apt_vim,apt_build-essential,apt_curl,apt_libreadline-dev,apt_libcurl4-openssl-dev,apt_nodejs,apt_git,apt_libmysqlclient-dev,apt_imagemagick,apt_mysql-client,apt_software-properties-common,apt_ruby2.1,apt_ruby2.1-dev
1292,apt_build-essential,apt_libpq-dev,apt_nodejs
1294,pip_supervisor
1301,pip_supervisor
1314,apt_libgtkextra-dev,apt_libgconf2-dev,apt_libnss3,apt_libasound2,apt_libxtst-dev,apt_libxss1,apt_libxss-dev,apt_software-properties-common,apt_build-essential,apt_xvfb,apt_curl,apt_libgtk-3-0,apt_unzip,apt_yarn,apt_nodejs
1318,apt_automake,apt_bison,apt_build-essential,apt_check,apt_cmake,apt_curl,apt_cython,apt_debootstrap,apt_expect,apt_flex,apt_gettext,apt_git,apt_gperf,apt_imagemagick,apt_intltool,apt_libbz2-dev,apt_libc6-i386,apt_libcppunit-dev,apt_libffi-dev,apt_libgc-dev,apt_libltdl-dev,apt_libmount-dev,apt_libpcre3-dev,apt_libssl-dev,apt_libunistring-dev,apt_lzip,apt_mercurial,apt_ncurses-dev,apt_pkg-config,apt_python3,apt_subversion,apt_swig,apt_xmlto,apt_zlib1g-dev,pip_virtualenv,pip_httpie
1321,apt_$APT_OPTS,apt_curl,apt_ca-certificates,apt_$APT_OPTS,apt_salt-api,apt_salt-master,apt_salt-minion,apt_salt-syndic,apt_salt-cloud,apt_salt-ssh,apt_inetutils-telnet,apt_dnsutils,apt_python-pip,apt_python-pygit2,apt_python-setuptools,apt_vim,apt_mc,apt_git,apt_inetutils-ping,apt_iproute2
1322,apt_cmake,apt_clang,apt_bison,apt_flex,apt_google-mock,apt_libgtest-dev,apt_lcov,apt_libgtkmm-3.0-dev
1325,apt_ssh
1326,apt_software-properties-common,apt_oracle-java7-installer,apt_oracle-java7-set-default,apt_mysql-server,apt_supervisor,apt_git
1329,apt_python,apt_python-pip
1335,pip_virtualenv
1338,apt_$DEPENDENCY_PACKAGES,apt_$BUILD_PACKAGES
1339,apt_libicu-dev
1341,pip_.
1342,apt_locales,apt_curl,apt_unzip,apt_python3,apt_python3-setuptools
1344,apt_apache2,apt_libapache2-mod-auth-mellon
1345,apt_apache2,apt_libapache2-mod-auth-mellon
1349,apt_build-essential,apt_ruby1.9.1,apt_ruby1.9.1-dev,apt_python-dev,apt_rubygems1.9.1,apt_git,apt_python-pip,apt_libxml2-dev,apt_libxslt-dev,apt_libffi-dev,apt_libmysqlclient-dev,apt_libpq-dev
1352,apt_apache2,apt_libapache2-mod-auth-kerb,apt_libapache2-mod-proxy-html,apt_git,apt_nodejs,apt_nodejs-legacy,apt_npm
1353,apt_git,apt_nodejs,apt_nodejs-legacy,apt_npm
1358,apt_nginx
1362,apt_nodejs,apt_postgresql-client
1387,apt_git,apt_zlib1g-dev
1392,apt_git
1393,apt_git,apt_make,apt_maven,apt_openjdk-8-jdk-headless,apt_ruby,apt_s3cmd,apt_wget
1394,apt_git,apt_make,apt_maven,apt_openjdk-7-jdk,apt_ruby,apt_s3cmd,apt_wget
1396,apt_python,apt_curl,apt_software-properties-common,apt_git,apt_libgtk-3-0,apt_emacs-snapshot
1401,apt_g++,apt_autoconf,apt_cmake,apt_git,apt_libbz2-dev,apt_libcurl4-openssl-dev,apt_libssl-dev,apt_libncurses-dev,apt_libboost-thread-dev,apt_libboost-iostreams-dev,apt_libboost-date-time-dev,apt_libboost-system-dev,apt_libboost-filesystem-dev,apt_libboost-program-options-dev,apt_libboost-chrono-dev,apt_libboost-test-dev,apt_libboost-context-dev,apt_libboost-regex-dev,apt_libboost-coroutine-dev,apt_libtool,apt_doxygen,apt_ca-certificates,apt_fish
1404,apt_git,pip_octohatrack
1405,apt_tree,apt_sudo,apt_netcat
1406,apt_libfreetype6-dev,apt_libpng-dev,apt_libopenblas-dev,apt_liblapack-dev,apt_gfortran,pip_numpy,pip_scipy,pip_pandas,pip_TA-Lib,pip_jupyter
1407,apt_fuse
1409,apt_libfreetype6-dev,apt_libjpeg62-turbo-dev,apt_libmcrypt-dev,apt_libpng12-dev,apt_libmemcached-dev,apt_mysql-client
1410,apt_nginx,apt_php5-cli,apt_php5-fpm,apt_supervisor,apt_acl,apt_curl,apt_php5-intl,apt_php5-mysql,apt_php5-sqlite
1411,apt_sudo,apt_graphviz,apt_postgresql-client
1412,pip_junit-xml
1413,pip_gunicorn,pip_httpbin
1414,pip_pycrypto,pip_junit-xml
1415,pip_junit-xml
1416,apt_asciidoc,apt_cdbs,apt_debootstrap,apt_devscripts,apt_make,apt_pbuilder,apt_python-setuptools
1418,pip_junit-xml
1419,pip_junit-xml
1420,pip_junit-xml
1421,pip_junit-xml
1422,pip_junit-xml
1423,pip_pycrypto,pip_junit-xml
1426,pip_junit-xml
1427,apt_asciidoc,apt_cdbs,apt_debootstrap,apt_devscripts,apt_make,apt_pbuilder,apt_python-setuptools
1428,pip_junit-xml
1429,pip_gunicorn,pip_httpbin
1431,pip_junit-xml
1432,pip_junit-xml
1433,pip_junit-xml
1434,pip_junit-xml
1435,pip_junit-xml
1436,pip_pycrypto,pip_junit-xml
1437,pip_pycrypto,pip_junit-xml
1439,apt_mutt,apt_offlineimap,apt_vim-nox,apt_abook,apt_elinks,apt_curl,apt_tmux,apt_cron,apt_zsh
1442,apt_bash-completion,apt_btrfs-tools/wheezy-backports,apt_build-essential,apt_curl,apt_ca-certificates,apt_debhelper,apt_dh-systemd,apt_git,apt_libapparmor-dev,apt_libdevmapper-dev,apt_libsqlite3-dev
1445,apt_nginx-full
1446,apt_git,apt_golang,apt_ca-certificates
1448,apt_bash-completion,apt_btrfs-tools,apt_build-essential,apt_curl,apt_ca-certificates,apt_debhelper,apt_dh-systemd,apt_git,apt_libapparmor-dev,apt_libdevmapper-dev,apt_libsqlite3-dev
1450,apt_openssh-server
1452,apt_apparmor,apt_aufs-tools,apt_automake,apt_bash-completion,apt_btrfs-tools,apt_build-essential,apt_createrepo,apt_curl,apt_dpkg-sig,apt_gcc-mingw-w64,apt_git,apt_iptables,apt_libapparmor-dev,apt_libcap-dev,apt_libsqlite3-dev,apt_mercurial,apt_parallel,apt_python-mock,apt_python-pip,apt_python-websocket,apt_reprepro,apt_ruby1.9.1,apt_ruby1.9.1-dev,apt_s3cmd,apt_ubuntu-zfs,apt_libzfs-dev
1453,apt_unzip,apt_wget,apt_unzip,apt_wget,apt_git,apt_golang,apt_ca-certificates,apt_build-essential
1455,apt_python-software-properties,apt_software-properties-common,apt_postgresql-9.3,apt_postgresql-client-9.3,apt_postgresql-contrib-9.3
1456,apt_gparted,apt_libcanberra-gtk-module
1457,apt_librados-dev,apt_apache2-utils
1458,apt_libc6-dev-i386,apt_curl,apt_unzip
1461,apt_bash-completion,apt_btrfs-tools,apt_build-essential,apt_curl,apt_ca-certificates,apt_debhelper,apt_dh-systemd,apt_git,apt_libapparmor-dev,apt_libdevmapper-dev,apt_libsqlite3-dev
1462,apt_bash-completion,apt_btrfs-tools,apt_build-essential,apt_curl,apt_ca-certificates,apt_debhelper,apt_dh-systemd,apt_git,apt_libapparmor-dev,apt_libdevmapper-dev,apt_libsqlite3-dev
1464,apt_znc
1465,apt_mongodb-org
1467,apt_bash-completion,apt_btrfs-tools,apt_build-essential,apt_curl,apt_ca-certificates,apt_debhelper,apt_dh-systemd,apt_git,apt_libapparmor-dev,apt_libdevmapper-dev,apt_libsqlite3-dev
1469,apt_bash-completion,apt_build-essential,apt_curl,apt_ca-certificates,apt_debhelper,apt_git,apt_libapparmor-dev,apt_libsqlite3-dev
1472,apt_bash-completion,apt_btrfs-tools,apt_build-essential,apt_curl,apt_ca-certificates,apt_debhelper,apt_dh-systemd,apt_git,apt_libapparmor-dev,apt_libdevmapper-dev,apt_libsqlite3-dev
1477,apt_tmux,apt_zsh,apt_weechat-curses
1481,apt_iputils-ping,apt_netcat,apt_build-essential,apt_snmp,apt_snmpd,apt_snmp-mibs-downloader,apt_php5-cli,apt_apache2,apt_libapache2-mod-php5,apt_runit,apt_bc,apt_postfix,apt_bsd-mailx
1482,apt_redis-server,apt_redis-tools
1483,apt_curl,apt_supervisor,apt_riak
1484,apt_openssl
1486,apt_wget
1487,apt_libcap2-bin,apt_mumble-server
1488,apt_chromium,apt_chromium-l10n,apt_libcanberra-gtk-module,apt_libexif-dev
1495,pip_pip
1497,apt_zookeeper,apt_wget,apt_dnsutils,apt_vim
1498,apt_openjdk-7-jre-headless,apt_wget
1499,apt_cmake
1500,apt_curl,apt_g++,apt_git,apt_make,apt_ruby2.0,apt_ruby2.0-dev
1502,apt_build-essential,apt_emacs24,apt_vim,apt_git,apt_sudo,apt_wget,apt_net-tools,apt_expect,apt_ssh,apt_apache2,apt_apt-utils,apt_mysql-server-5.5,apt_libmysqlclient-dev,apt_python2.7,apt_python-dev,apt_python-setuptools,apt_python-pip,apt_libapache2-mod-wsgi,pip_Django,pip_mysql-python
1503,apt_build-essential,apt_emacs24,apt_vim,apt_git,apt_sudo,apt_wget,apt_net-tools,apt_expect,apt_ssh,apt_apache2,apt_apt-utils,apt_mysql-server-5.5,apt_libmysqlclient-dev,apt_python2.7,apt_python-dev,apt_python-setuptools,apt_python-pip,apt_libapache2-mod-wsgi,pip_Django,pip_mysql-python
1504,apt_apt-transport-https,apt_gnupg2,apt_kubectl,apt_google-cloud-sdk
1505,apt_wget,apt_python,apt_vim,apt_bash-completion,apt_gcc,apt_sudo
1507,apt_curl,apt_wget,apt_vim,apt_jq,apt_libsvn1,apt_libcurl4-nss-dev,apt_default-jre-headless,apt_docker
1508,apt_curl,apt_wget,apt_vim,apt_jq,apt_libsvn1,apt_libcurl4-nss-dev,apt_default-jre-headless
1509,apt_curl,apt_wget,apt_vim,apt_jq,apt_libsvn1,apt_libcurl4-nss-dev,apt_default-jre-headless
1511,apt_locales,apt_wget,apt_sudo
1512,apt_apt-utils,apt_locales,apt_libgssapi-krb5-2,apt_wget,apt_sudo
1513,apt_php7.1-gd,apt_php7.1-mbstring,apt_php-yaml
1514,apt_lxde,apt_libavcodec-dev,apt_libavformat-dev,apt_libswscale-dev,apt_libjpeg-dev,apt_libpng-dev,apt_libdc1394-22-dev,apt_libgstreamer1.0-dev,apt_libgstreamer-plugins-base1.0-dev,apt_libgl1-mesa-dev,apt_x11vnc,apt_xvfb,apt_wget
1515,apt_lxde,apt_build-essential,apt_cmake,apt_git,apt_libgtk2.0-dev,apt_pkg-config,apt_libavcodec-dev,apt_libavformat-dev,apt_libswscale-dev,apt_python-dev,apt_python-numpy,apt_libtbb2,apt_libtbb-dev,apt_libjpeg-dev,apt_libpng-dev,apt_libtiff-dev,apt_libjasper-dev,apt_libdc1394-22-dev,apt_libgl1-mesa-dev,apt_x11vnc,apt_xvfb,apt_wget,apt_software-properties-common,apt_qt56base,apt_qt56declarative,apt_qt56quickcontrols,apt_qt56quickcontrols2,apt_qt56script,apt_qt56imageformats,apt_qt56multimedia,apt_qt56websockets
1517,apt_git,apt_build-essential,apt_g++,apt_flex,apt_bison,apt_gperf,apt_ruby,apt_perl,apt_python,apt_libsqlite3-dev,apt_libfontconfig1-dev,apt_libicu-dev,apt_libfreetype6,apt_libssl-dev,apt_libpng-dev,apt_libjpeg-dev
1531,apt_libxml2-dev,apt_zlib1g-dev,apt_libexpat1-dev,apt_libdb-dev,apt_libssl-dev,apt_libgmp-dev,apt_unzip,apt_libmpfr-dev,apt_swig
1538,apt_g++,apt_libzmq3-dev,apt_meson,apt_git
1539,pip_.
1540,apt_wget,apt_build-essential,apt_lcov,apt_curl,apt_cmake,apt_gcovr,apt_libssl-dev,apt_git,apt_python-cheetah,apt_libuv1-dev,apt_ninja-build,apt_adb
1542,apt_git,apt_wget,apt_unzip,apt_python,apt_python-pip,apt_python-dev,apt_sqlite3,apt_timidity,apt_freepats,apt_lame,apt_mecab,apt_libmecab-dev,apt_python-mecab,apt_python-mysqldb
1546,apt_build-essential,apt_cmake,apt_git,apt_libgtk2.0-dev,apt_pkg-config,apt_libavcodec-dev,apt_libavformat-dev,apt_libswscale-dev,apt_python-dev,apt_python-numpy,apt_libtbb2,apt_libtbb-dev,apt_libjpeg-dev,apt_libpng-dev,apt_libtiff-dev,apt_libjasper-dev,apt_libdc1394-22-dev
1547,apt_libssl-dev,apt_build-essential,apt_libffi-dev,apt_libxml2-dev,apt_python-dev,apt_python-pip,apt_git,apt_curl,apt_wget
1551,apt_ca-certificates
1554,apt_ca-certificates
1558,apt_curl
1559,apt_haproxy
1562,apt_curl,apt_libcurl4-openssl-dev,apt_make
1565,apt_git
1569,apt_python-pip,apt_python-dev,pip_pyasn1,apt_libyaml-dev,apt_libffi-dev,apt_libssl-dev
1571,apt_apt-utils,apt_python-software-properties,apt_software-properties-common,apt_locales,apt_vim,apt_zip,apt_curl,apt_apache2,apt_mysql-client,apt_php5.6,apt_php5.6-cli,apt_php5.6-dev,apt_php5.6-mysql,apt_php5.6-mcrypt,apt_php5.6-gd,apt_libapache2-mod-php5.6,apt_php5.6,apt_php5.6-curl,apt_php5.6-mbstring,apt_php5.6-xml,apt_php5.6-xmlrpc,apt_php5.6-ssh2,apt_php5.6-exif,apt_php5.6-soap
1574,apt_git,apt_vim
1578,apt_curl,apt_wget,apt_git,apt_libfreetype6-dev,apt_libjpeg62-turbo-dev,apt_libmcrypt-dev,apt_libpng12-dev,apt_libicu-dev,apt_libicu52
1581,apt_vim
1582,apt_build-essential,apt_libpq-dev
1584,apt_texlive,apt_texlive-lang-japanese,apt_texlive-luatex,apt_texlive-latex-extra,apt_fontforge,apt_wget,apt_git,apt_pandoc,apt_pandoc-citeproc,apt_python-pandocfilters,apt_python-pygraphviz,apt_software-properties-common,apt_plantuml,apt_pandoc-plantuml-filter
1587,apt_wget
1589,apt_build-essential,apt_autoconf,apt_automake,apt_ca-certificates,apt_gdb,apt_wget,apt_git-core,apt_libcurl4-nss-dev,apt_libsasl2-dev,apt_libtool,apt_libsvn-dev,apt_libapr1-dev,apt_libgoogle-glog-dev,apt_libboost-dev,apt_protobuf-compiler,apt_libprotobuf-dev,apt_make,apt_python,apt_python2.7,apt_libpython-dev,apt_python-dev,apt_python-protobuf,apt_python-setuptools,apt_heimdal-clients,apt_libsasl2-modules-gssapi-heimdal
1591,pip_docker-py,pip_jinja2
1592,apt_software-properties-common,apt_wget,apt_ssh,apt_python2.6,apt_python2.7,apt_python3.2,apt_python3.3,apt_python3.4,apt_python3.5,apt_python-dev,apt_python2.6-dev,apt_python2.7-dev,apt_python3.2-dev,apt_python3.3-dev,apt_python3.4-dev,apt_python3.5-dev,apt_python-pip,pip_tox,pip_mock,pip_lockfile,pip_coverage
1611,apt_apt-transport-https,apt_software-properties-common,apt_python,apt_ansible,apt_wget,apt_gcc-4.9,apt_gdebi-core,apt_r-base,apt_build-essential,apt_python-dev,apt_python-pip,apt_git,apt_libxml2-dev,apt_libcurl4-openssl-dev,apt_libnlopt-dev,apt_libgsl0-dev,apt_libssl-dev,apt_libxt-dev,apt_libgdal-dev,apt_libproj-dev,apt_nano,apt_pandoc,apt_pandoc-citeproc,apt_libssh2-1-dev,apt_libgmp-dev,pip_pip,pip_virtualenv,apt_r-cran-rjava
1613,apt_build-essential,apt_ca-certificates,apt_curl,apt_bzr,apt_git,apt_mercurial,apt_openssh-client
1615,apt_build-essential,apt_ca-certificates,apt_curl,apt_bzr,apt_git,apt_mercurial,apt_openssh-client
1616,apt_slapd,apt_ldap-utils,apt_rsyslog
1618,apt_git,apt_sudo,apt_lsb,apt_gcc,apt_curl
1620,apt_gitlab-ce
1622,pip_flask_restplus
1625,apt_python,apt_python-psycopg2,apt_python-requests,apt_python-bcrypt,apt_python-crypto
1626,pip_coverage,pip_codecov,pip_xmlrunner
1632,pip_docker,pip_awscli,pip_docker-compose,pip_future,pip_PyJWT
1635,pip_coverage,pip_mock,pip_xmlrunner,pip_codecov
1642,apt_python,apt_python-psycopg2,apt_python-requests,apt_python-pip,apt_python-flask,apt_python-ldap,pip_PyJWT,pip_jsonschema,pip_cryptography,pip_flask_restplus,pip_eventlet,pip_flask_socketio,pip_boto3,pip_google-cloud-storage,pip_future,pip_bcrypt
1645,apt_python-psycopg2,apt_python-paramiko,apt_openssh-client,apt_python-requests
1648,pip_nose
1649,pip_htpasswd
1650,pip_bcrypt,pip_PyJWT,pip_jsonschema,pip_coverage,pip_unittest-xml-reporting,pip_urllib3,pip_cryptography,pip_mock,pip_flask-restplus,pip_eventlet,pip_flask_socketio,pip_boto3,pip_google-cloud-storage,pip_future,pip_codecov,pip_pycrypto
1653,apt_curl,apt_python-pip,apt_postgresql-client,apt_python-xmlrunner,apt_python-requests,apt_python-psycopg2,apt_python-jwt,apt_python-crypto,apt_python-cryptography,apt_git
1659,pip_flask
1662,pip_bcrypt,pip_PyJWT,pip_jsonschema,pip_coverage,pip_xmlrunner,pip_cryptography,pip_codecov
1664,apt_python-paramiko,apt_openssh-client,apt_python-requests,apt_python-bottle
1665,apt_python-psycopg2,apt_python-paramiko,apt_openssh-client,apt_python-requests
1668,apt_git-core,apt_build-essential,apt_wget,apt_autotools-dev,apt_libtool,apt_pkg-config,apt_zlib1g-dev,apt_libcunit1-dev,apt_libssl-dev,apt_libxml2-dev,apt_libevent-dev,apt_automake,apt_autoconf,apt_make,apt_binutils,apt_autoconf,apt_automake,apt_autotools-dev,apt_libtool,apt_pkg-config,apt_zlib1g-dev,apt_libcunit1-dev,apt_libssl-dev,apt_libxml2-dev,apt_libev-dev,apt_libevent-dev,apt_libjansson-dev,apt_libjemalloc-dev,apt_cython,apt_python3.4-dev,apt_python-setuptools
1675,apt_gcc
1679,apt_gcc
1680,pip_flask,pip_requests
1681,apt_curl
1684,apt_binutils-arm-none-eabi,apt_bsdmainutils,apt_cmake,apt_ctags,apt_dfu-util,apt_gcc-arm-none-eabi,apt_git,apt_libnewlib-arm-none-eabi,apt_libusb-1.0-0-dev,apt_lighttpd,apt_ninja-build,apt_nodejs,apt_npm,apt_php-cgi,apt_python3,apt_python3-pil,apt_tmux
1688,apt_wget,apt_build-essential,apt_lcov,apt_curl,apt_cmake,apt_gcovr,apt_libssl-dev,apt_git,apt_python-cheetah,apt_libuv1-dev,apt_ninja-build,apt_adb,apt_xutils-dev
1691,apt_build-essential,apt_curl,apt_cmake,apt_git,apt_libglpk-dev,apt_pkg-config
1693,apt_python-pbs,apt_wget
1695,apt_nano,apt_ruby,apt_sudo
1696,apt_nano,apt_ruby,apt_sudo
1700,pip_git+https://github.com/lyda/chkcrontab.git
1701,apt_wget,apt_python-dev,apt_python-pip,apt_postgresql-client-common,apt_postgresql,apt_postgresql-contrib,apt_postgresql-9.5,apt_libpq-dev,apt_git,apt_libmemcached-dev,apt_curl,apt_openssh-server,apt_mercurial,apt_gettext,apt_vim,apt_libjpeg-dev,apt_libjpeg8-dev,apt_zlib1g-dev
1704,apt_wget,apt_make,apt_git
1705,apt_make,apt_wget,apt_openssh-server,apt_rsync,apt_cron,apt_procmail,apt_ssmtp,apt_vim-tiny
1712,apt_python3-pip,apt_libfreetype6-dev,apt_libxft-dev,apt_gfortran,apt_libopenblas-dev,apt_liblapack-dev,apt_nodejs,apt_r-base,apt_r-base-dev,apt_wget,apt_openssh-server,apt_libxtst-dev,apt_libxt-dev,apt_libcairo2-dev,apt_r-cran-cairodevice
1713,apt_curl,apt_apt-transport-https,apt_unixodbc-dev-utf16,apt_php-dev,apt_git,apt_php-curl,apt_locales
1714,apt_git
1716,apt_wget,apt_libtest-longstring-perl,apt_libspiffy-perl,apt_libtest-base-perl,apt_liblist-moreutils-perl,apt_libhttp-response-encoding-perl,apt_libncurses5-dev,apt_ca-certificates
1719,apt_wget,apt_curl,apt_dnsutils,apt_python-pip,apt_python-dev,apt_python-apt,apt_software-properties-common,apt_dmidecode,apt_salt-master,apt_salt-minion,apt_salt-cloud,apt_salt-api,pip_cherrypy,pip_docker-py,pip_halite
1721,apt_libssl1.0.0
1725,apt_curl,apt_python,apt_python-numpy,apt_python-pip
1726,apt_curl,apt_python-numpy,apt_python-pip
1727,apt_libjpeg8-dev,pip_scikit-learn,pip_pyreadline,pip_Pillow
1728,apt_curl,apt_libcurl4-openssl-dev,apt_python,apt_python-numpy,apt_python-pip
1729,apt_build-essential,apt_curl,apt_libfreetype6-dev,apt_libpng12-dev,apt_libzmq3-dev,apt_pkg-config,apt_python,apt_python-dev,apt_rsync,apt_software-properties-common,apt_unzip,pip_ipykernel,pip_jupyter,pip_matplotlib,pip_numpy,pip_scipy,pip_sklearn,pip_pandas,pip_Pillow
1730,apt_build-essential,apt_git,apt_software-properties-common
1731,apt_autoconf,apt_automake,apt_curl,apt_g++,apt_git,apt_libtool,apt_make,apt_python,apt_unzip,apt_zlib1g-dev
1734,apt_python,apt_python-dev,apt_python-pip,apt_python-virtualenv,apt_software-properties-common,apt_python-software-properties,apt_python2.7,apt_python3.3,apt_python3.4
1744,apt_less,apt_openjdk-8-jre-headless,apt_iproute2,apt_vim-tiny,apt_sudo,apt_openssh-server
1745,apt_python,apt_libnss3,apt_openjdk-7-jre-headless,apt_curl
1748,apt_apt-transport-https,apt_bash,apt_curl,apt_make,apt_cf-cli
1749,apt_bison,apt_flex,apt_g++,apt_gcc,apt_git,apt_libgmp3-dev,apt_libmpc-dev,apt_libmpfr-dev,apt_libz-dev,apt_make,apt_wget
1755,apt_git,apt_golang,apt_gcc,apt_libleptonica-dev,apt_libtesseract3,apt_libtesseract-dev,apt_tesseract-ocr-eng,apt_imagemagick
1771,apt_curl,apt_git-core,apt_php5-cli,apt_php5-curl,apt_php5-json,apt_php5-sqlite
1772,pip_awscli
1773,apt_texlive,apt_texlive-latex-extra,apt_texlive-fonts-recommended,apt_texlive-fonts-extra,apt_rst2pdf,apt_latexmk
1775,apt_npm
1776,apt_wget,apt_mongodb-org-shell,apt_google-chrome-stable,apt_xvfb,apt_php-common,apt_php-cli,apt_php-curl,apt_libkrb5-dev,apt_ruby,apt_ruby-dev,apt_build-essential,apt_libssl-dev,apt_redis-tools,apt_vnc4server
1782,apt_gcc,apt_g++,apt_make,apt_git-core,apt_valgrind,apt_ruby,apt_ruby-dev,apt_ruby-aruba,apt_wget
1783,apt_locales,apt_curl,apt_autoconf,apt_bison,apt_build-essential,apt_libssl-dev,apt_libyaml-dev,apt_libreadline6-dev,apt_zlib1g-dev,apt_libncurses5-dev,apt_libffi-dev,apt_libgdbm3,apt_libgdbm-dev,apt_git,apt_bundler,apt_ruby,apt_ruby-libxml,apt_nodejs
1784,apt_curl,apt_xz-utils,apt_python,apt_build-essential,apt_git-core
1789,apt_$BUILD_DEPS
1790,apt_software-properties-common,apt_python-software-properties,apt_gcc-5,apt_gdb,apt_build-essential,apt_git-core,apt_ruby,apt_ruby-dev,apt_bundler
1791,apt_wget,apt_apt-transport-https,apt_ca-certificates,apt_google-chrome-stable,apt_xvfb,apt_php-common,apt_php-cli,apt_php-curl,apt_libkrb5-dev,apt_ruby,apt_ruby-dev,apt_build-essential,apt_libssl-dev,apt_redis-tools,apt_vnc4server
1792,apt_curl,apt_xz-utils,apt_python,apt_build-essential,apt_git-core
1794,apt_gawk,pip_awscli,pip_oci-cli
1795,apt_gawk,apt_python-pip,apt_python-dev,apt_python-setuptools,pip_awscli
1798,apt_$BUILD_DEPS
1799,apt_clang-4.0,apt_make,apt_cmake,apt_git-core,apt_valgrind,apt_ruby,apt_ruby-dev,apt_ruby-aruba
1801,apt_curl,apt_xz-utils,apt_python,apt_build-essential,apt_git-core
1804,apt_clang-8,apt_cmake,apt_git-core,apt_valgrind,apt_ruby,apt_ruby-dev,apt_ruby-aruba
1809,apt_gcc,apt_g++,apt_cmake,apt_git-core,apt_valgrind,apt_ruby,apt_ruby-dev,apt_ruby-aruba
1810,apt_locales,apt_curl,apt_autoconf,apt_bison,apt_build-essential,apt_libssl-dev,apt_libyaml-dev,apt_libreadline6-dev,apt_zlib1g-dev,apt_libncurses5-dev,apt_libffi-dev,apt_libgdbm3,apt_libgdbm-dev,apt_git,apt_bundler,apt_ruby,apt_ruby-libxml
1811,apt_wget,apt_mongodb-org-shell,apt_google-chrome-stable,apt_xvfb,apt_php-common,apt_php-cli,apt_php-curl,apt_libkrb5-dev,apt_ruby,apt_ruby-dev,apt_build-essential,apt_libssl-dev,apt_redis-tools,apt_vnc4server
1813,apt_python-sphinx,apt_python-yaml,apt_graphviz,apt_make,apt_python-pip,apt_git
1830,apt_curl,apt_python,apt_build-essential,apt_git,apt_ca-certificates,apt_git,apt_openjdk-7-jre-headless
1832,apt_curl
1833,apt_python,apt_python-dev,apt_python-pip,pip_pip,apt_build-essential,apt_libffi-dev,apt_python-crypto,apt_libcurl4-openssl-dev,apt_python-pycurl
1836,apt_git-core,apt_build-essential,apt_wget,apt_autotools-dev,apt_libtool,apt_pkg-config,apt_zlib1g-dev,apt_libcunit1-dev,apt_libssl-dev,apt_libxml2-dev,apt_libevent-dev,apt_automake,apt_autoconf,apt_make,apt_binutils,apt_autoconf,apt_automake,apt_autotools-dev,apt_libtool,apt_pkg-config,apt_zlib1g-dev,apt_libcunit1-dev,apt_libssl-dev,apt_libxml2-dev,apt_libev-dev,apt_libevent-dev,apt_libjansson-dev,apt_libjemalloc-dev,apt_cython,apt_python3.4-dev,apt_python-setuptools
1847,apt_curl,apt_git,apt_coreutils,apt_make,apt_gcc,apt_build-essential,apt_sbcl,apt_time,apt_zlib1g-dev,apt_texlive,apt_texinfo,apt_rlwrap
1849,apt_curl,apt_build-essential,apt_ca-certificates,apt_git,apt_mercurial,apt_bzr
1855,apt_build-essential,apt_libfreetype6-dev,apt_libpng12-dev,apt_libzmq3-dev,apt_pkg-config,apt_python,apt_python-dev,apt_rsync,apt_software-properties-common,apt_curl,apt_unzip,apt_wget,apt_grep,apt_sed,apt_vim,apt_iputils-ping,apt_net-tools,apt_gdb,apt_python2.7-dbg,apt_tzdata,apt_cuda-cublas-9-0,apt_cuda-cufft-9-0,apt_cuda-curand-9-0,apt_cuda-cusolver-9-0,apt_cuda-cusparse-9-0,apt_libcudnn7,apt_krb5-user,apt_libpam-krb5,apt_gfortran,pip_Pillow,pip_h5py,pip_ipykernel,pip_jupyter,pip_matplotlib,pip_numpy,pip_pandas,pip_scipy,pip_sklearn,apt_locales,apt_git,apt_openjdk-8-jdk
1856,apt_krb5-user,apt_libpam-krb5,apt_curl,apt_unzip,apt_wget,apt_grep,apt_sed,apt_vim,apt_tzdata
1857,apt_build-essential,apt_libfreetype6-dev,apt_libpng12-dev,apt_libzmq3-dev,apt_pkg-config,apt_python,apt_python-dev,apt_rsync,apt_software-properties-common,apt_curl,apt_unzip,apt_wget,apt_grep,apt_sed,apt_vim,apt_iputils-ping,apt_net-tools,apt_gdb,apt_python2.7-dbg,apt_tzdata,apt_krb5-user,apt_libpam-krb5,apt_gfortran,pip_Pillow,pip_h5py,pip_ipykernel,pip_jupyter,pip_matplotlib,pip_numpy,pip_pandas,pip_scipy,pip_sklearn,apt_locales,apt_git,apt_openjdk-8-jdk
1858,apt_locales,apt_software-properties-common,apt_build-essential,apt_wget,apt_curl,apt_grep,apt_sed,apt_dpkg,apt_openjdk-8-jdk,apt_bzip2,apt_ca-certificates,apt_libglib2.0-0,apt_libxext6,apt_libsm6,apt_libxrender1,apt_git,apt_mercurial,apt_subversion,apt_python-dev,apt_python-pip,apt_gfortran,apt_r-base,apt_r-base-dev,apt_apt-transport-https,apt_kubectl
1861,pip_awscli,pip_aws-adfs,apt_docker-ce
1864,apt_python-pip,pip_mkdocs
1866,apt_build-essential,apt_sudo,apt_curl,apt_wget,apt_git,apt_autoconf,apt_automake,apt_unzip,apt_libtool,apt_jq,apt_awscli,apt_gnupg1,apt_openvpn,apt_xauth
1867,apt_curl,apt_make,apt_unzip,apt_jq,apt_awscli,apt_wget,apt_xvfb,apt_xauth,apt_ssh,apt_openvpn,apt_build-essential,apt_ruby-full,apt_zlib1g-dev,apt_bundler,apt_gnupg,apt_google-cloud-sdk,apt_google-chrome-beta,apt_ca-certificates
1869,apt_rsync
1878,apt_git,apt_nodejs,apt_build-essential
1881,apt_build-essential,apt_cmake,apt_git,apt_libgtk2.0-dev,apt_pkg-config,apt_libavcodec-dev,apt_libavformat-dev,apt_libswscale-dev,apt_libjpeg8-dev,apt_libtiff4-dev,apt_libjasper-dev,apt_libpng12-dev,apt_libtbb2,apt_libtbb-dev,apt_libjpeg-dev,apt_libpng-dev,apt_libtiff-dev,apt_libjasper-dev,apt_libdc1394-22-dev,apt_libatlas-base-dev,apt_gfortran,apt_python3-tk,apt_python3-numpy,apt_python3.4-dev,apt_wget
1884,apt_mysql-client,apt_libmcrypt4,apt_php5-mcrypt,apt_php5-json,apt_php5-curl,apt_php5-ldap,apt_php5-cli,apt_nodejs,apt_nodejs-legacy,apt_npm,apt_git,apt_git-core
1885,apt_software-properties-common,apt_oracle-java7-installer,apt_git,apt_curl,apt_ant,apt_make,apt_maven,apt_cmake,apt_gcc,apt_g++,apt_protobuf-compiler,apt_build-essential,apt_libtool,apt_zlib1g-dev,apt_pkg-config,apt_libssl-dev,apt_snappy,apt_libsnappy-dev,apt_bzip2,apt_libbz2-dev,apt_libjansson-dev,apt_fuse,apt_libfuse-dev,apt_libcurl4-openssl-dev,apt_python,apt_python2.7,apt_cabal-install,apt_bats
1886,apt_git,apt_curl,apt_wget,apt_mariadb-client,apt_mariadb-server,apt_apache2,apt_libapache2-mod-php5,apt_python-setuptools,apt_memcached,apt_php5-memcache,apt_php5-cli,apt_php5-mysql,apt_php-apc,apt_php5-gd,apt_php5-curl,apt_php5-xdebug;,apt_clean;,apt_autoclean;,apt_autoremove
1887,apt_python-dev,apt_git,apt_curl,apt_wget,apt_python3-pip,apt_ttf-dejavu,apt_nano
1894,apt_git-core,apt_build-essential,apt_wget,apt_autotools-dev,apt_libtool,apt_pkg-config,apt_zlib1g-dev,apt_libcunit1-dev,apt_libssl-dev,apt_libxml2-dev,apt_libevent-dev,apt_automake,apt_autoconf,apt_make,apt_binutils,apt_autoconf,apt_automake,apt_autotools-dev,apt_libtool,apt_pkg-config,apt_zlib1g-dev,apt_libcunit1-dev,apt_libssl-dev,apt_libxml2-dev,apt_libev-dev,apt_libevent-dev,apt_libjansson-dev,apt_libjemalloc-dev,apt_cython,apt_python3.4-dev,apt_python-setuptools
1895,apt_git-core,apt_build-essential,apt_wget,apt_autotools-dev,apt_libtool,apt_pkg-config,apt_zlib1g-dev,apt_libcunit1-dev,apt_libssl-dev,apt_libxml2-dev,apt_libevent-dev,apt_automake,apt_autoconf,apt_make,apt_binutils,apt_autoconf,apt_automake,apt_autotools-dev,apt_libtool,apt_pkg-config,apt_zlib1g-dev,apt_libcunit1-dev,apt_libssl-dev,apt_libxml2-dev,apt_libev-dev,apt_libevent-dev,apt_libjansson-dev,apt_libjemalloc-dev,apt_cython,apt_python3.4-dev,apt_python-setuptools
1908,apt_git,apt_apache2,apt_dpkg-dev,apt_python-pygments,apt_php5,apt_php5-mysql,apt_php5-gd,apt_php5-dev,apt_php5-curl,apt_php-apc,apt_php5-cli,apt_php5-json,apt_php5-xhprof
1913,apt_curl
1917,pip_requests
1918,apt_wget,apt_netcat
1921,apt_netbase,apt_nfs-common,apt_glusterfs-client
1923,apt_php-pear
1924,apt_inotify-tools
1927,apt_wget,apt_make,apt_gcc
1928,apt_g++,apt_rsync,apt_jq,apt_apt-utils,apt_file,apt_patch,apt_build-essential
1937,apt_dnsutils
1941,apt_cuda-samples-$CUDA_PKG_VERSION
1948,apt_asciidoctor,apt_unzip
1950,pip_pyyaml
1953,apt_curl
1957,apt_openjdk-8-jre-headless,apt_libjemalloc1,apt_localepurge,apt_wget
1965,apt_iperf,apt_bash
1972,apt_build-essential,apt_devscripts,apt_equivs,apt_git-core,apt_libarchive-dev,apt_uuid-dev,apt_libcgroup-dev,apt_libboost-filesystem-dev,apt_libboost-thread-dev,apt_libnl-3-dev,apt_libnl-genl-3-dev,apt_libzookeeper-mt-dev,apt_libpqxx-dev
1973,pip_virtualenv
1974,apt_build-essential,apt_intltool,apt_libtool,apt_m4,apt_automake,apt_libjack-dev,apt_libglib2.0-dev,apt_libgtk2.0-dev
1981,apt_software-properties-common,apt_build-essential,apt_gcc-8,apt_gfortran-8,apt_g++-8,apt_mpich,apt_${transientBuildDeps},apt_${transientBuildDeps},pip_notebook
1990,apt_software-properties-common,apt_git,apt_python,apt_python-pip,apt_python-dev,apt_curl,apt_vim,apt_vim-gtk,apt_strace,apt_diffstat,apt_pkg-config,apt_cmake,apt_build-essential,apt_tcpdump,apt_mercurial,apt_wget,apt_host,apt_dnsutils,apt_tree,apt_dos2unix,apt_zip,apt_bash-completion,apt_aspell,apt_aspell-en,apt_libjpeg-dev,apt_automake,apt_editorconfig,apt_imagemagick,apt_bc,apt_lcov,apt_man,apt_gnupg2,apt_gnupg-agent,apt_pinentry-curses,apt_psmisc,apt_apt-transport-https,apt_libxcursor1,apt_libnss3,apt_libgconf-2-4,apt_libasound2,apt_libatk1.0-0,apt_libgtk-3-0,apt_locales,apt_sudo,apt_xterm,apt_ffmpeg,apt_libtool,apt_libssl-dev,apt_pass,apt_libpng16-dev,apt_iputils-ping,apt_jq,apt_pv,apt_socat,apt_gconf-service,apt_libasound2,apt_libatk1.0-0,apt_libc6,apt_libcairo2,apt_libcups2,apt_libdbus-1-3,apt_libexpat1,apt_libfontconfig1,apt_libgcc1,apt_libgconf-2-4,apt_libgdk-pixbuf2.0-0,apt_libglib2.0-0,apt_libgtk-3-0,apt_libnspr4,apt_libpango-1.0-0,apt_libpangocairo-1.0-0,apt_libstdc++6,apt_libx11-6,apt_libx11-xcb1,apt_libxcb1,apt_libxcomposite1,apt_libxcursor1,apt_libxdamage1,apt_libxext6,apt_libxfixes3,apt_libxi6,apt_libxrandr2,apt_libxrender1,apt_libxss1,apt_libxtst6,apt_ca-certificates,apt_fonts-liberation,apt_libappindicator1,apt_libnss3,apt_lsb-release,apt_xdg-utils,apt_wget,apt_language-pack-en-base,apt_software-properties-common,apt_ledger,apt_python3,apt_python3-dev,apt_python3-pip,apt_python3-virtualenv,pip_awscli,pip_virtualenv,pip_boto,pip_dopy,pip_cookiecutter,pip_requests,apt_ansible,apt_openjdk-11-jdk-headless,apt_ruby2.3,apt_ruby2.3-dev,apt_zlib1g-dev,apt_git-lfs,apt_yarn,apt_ffmpeg-static,apt_exiftool,apt_sox,apt_libsox-fmt-all
1996,apt_python-pip,apt_python-dev
1998,apt_make
1999,apt_git,apt_software-properties-common,apt_curl,apt_wget,apt_bzip2,apt_ca-certificates,apt_libglib2.0-0,apt_libxext6,apt_libsm6,apt_libxrender1,apt_python-numpy,apt_python-scipy,apt_python-matplotlib,apt_ipython,apt_ipython-notebook,apt_python-pandas,apt_python-sympy,apt_python-nose,pip_tornado,pip_jsonschema
